,event_time,event_type,file_name
0,1:0,удар по воротам,640612_5.mp4
1,3:0,удар по воротам,640612_5.mp4
2,5:0,удар по воротам,640612_5.mp4
3,7:0,удар по воротам,640612_5.mp4
4,9:0,удар по воротам,640612_5.mp4
5,11:0,удар по воротам,640612_5.mp4
6,13:0,удар по воротам,640612_5.mp4
7,15:0,удар по воротам,640612_5.mp4
8,17:0,удар по воротам,640612_5.mp4
9,19:0,удар по воротам,640612_5.mp4
10,21:0,удар по воротам,640612_5.mp4
11,23:0,удар по воротам,640612_5.mp4
12,25:0,удар по воротам,640612_5.mp4
13,27:0,удар по воротам,640612_5.mp4
14,29:0,удар по воротам,640612_5.mp4
15,31:0,удар по воротам,640612_5.mp4
16,33:0,удар по воротам,640612_5.mp4
17,35:0,удар по воротам,640612_5.mp4
18,37:0,удар по воротам,640612_5.mp4
19,39:0,удар по воротам,640612_5.mp4
20,41:0,удар по воротам,640612_5.mp4
21,43:0,удар по воротам,640612_5.mp4
22,45:0,удар по воротам,640612_5.mp4
23,47:0,удар по воротам,640612_5.mp4
24,49:0,удар по воротам,640612_5.mp4
25,51:0,удар по воротам,640612_5.mp4
26,53:0,удар по воротам,640612_5.mp4
27,55:0,удар по воротам,640612_5.mp4
28,57:0,удар по воротам,640612_5.mp4
29,59:0,удар по воротам,640612_5.mp4
30,61:0,удар по воротам,640612_5.mp4
31,63:0,удар по воротам,640612_5.mp4
32,65:0,удар по воротам,640612_5.mp4
33,67:0,удар по воротам,640612_5.mp4
34,69:0,удар по воротам,640612_5.mp4
35,71:0,удар по воротам,640612_5.mp4
36,73:0,удар по воротам,640612_5.mp4
37,75:0,удар по воротам,640612_5.mp4
38,77:0,удар по воротам,640612_5.mp4
39,79:0,удар по воротам,640612_5.mp4
40,81:0,удар по воротам,640612_5.mp4
41,83:0,удар по воротам,640612_5.mp4
42,85:0,удар по воротам,640612_5.mp4
43,87:0,удар по воротам,640612_5.mp4
44,89:0,удар по воротам,640612_5.mp4
45,91:0,удар по воротам,640612_5.mp4
46,93:0,удар по воротам,640612_5.mp4
47,95:0,удар по воротам,640612_5.mp4
48,97:0,удар по воротам,640612_5.mp4
49,99:0,удар по воротам,640612_5.mp4
50,1:0,удар по воротам,640208_5.mp4
51,3:0,удар по воротам,640208_5.mp4
52,5:0,удар по воротам,640208_5.mp4
53,7:0,удар по воротам,640208_5.mp4
54,9:0,удар по воротам,640208_5.mp4
55,11:0,удар по воротам,640208_5.mp4
56,13:0,удар по воротам,640208_5.mp4
57,15:0,удар по воротам,640208_5.mp4
58,17:0,удар по воротам,640208_5.mp4
59,19:0,удар по воротам,640208_5.mp4
60,21:0,удар по воротам,640208_5.mp4
61,23:0,удар по воротам,640208_5.mp4
62,25:0,удар по воротам,640208_5.mp4
63,27:0,удар по воротам,640208_5.mp4
64,29:0,удар по воротам,640208_5.mp4
65,31:0,удар по воротам,640208_5.mp4
66,33:0,удар по воротам,640208_5.mp4
67,35:0,удар по воротам,640208_5.mp4
68,37:0,удар по воротам,640208_5.mp4
69,39:0,удар по воротам,640208_5.mp4
70,41:0,удар по воротам,640208_5.mp4
71,43:0,удар по воротам,640208_5.mp4
72,45:0,удар по воротам,640208_5.mp4
73,47:0,удар по воротам,640208_5.mp4
74,49:0,удар по воротам,640208_5.mp4
75,51:0,удар по воротам,640208_5.mp4
76,53:0,удар по воротам,640208_5.mp4
77,55:0,удар по воротам,640208_5.mp4
78,57:0,удар по воротам,640208_5.mp4
79,59:0,удар по воротам,640208_5.mp4
80,61:0,удар по воротам,640208_5.mp4
81,63:0,удар по воротам,640208_5.mp4
82,65:0,удар по воротам,640208_5.mp4
83,67:0,удар по воротам,640208_5.mp4
84,69:0,удар по воротам,640208_5.mp4
85,71:0,удар по воротам,640208_5.mp4
86,73:0,удар по воротам,640208_5.mp4
87,75:0,удар по воротам,640208_5.mp4
88,77:0,удар по воротам,640208_5.mp4
89,79:0,удар по воротам,640208_5.mp4
90,81:0,удар по воротам,640208_5.mp4
91,83:0,удар по воротам,640208_5.mp4
92,85:0,удар по воротам,640208_5.mp4
93,87:0,удар по воротам,640208_5.mp4
94,89:0,удар по воротам,640208_5.mp4
95,91:0,удар по воротам,640208_5.mp4
96,93:0,удар по воротам,640208_5.mp4
97,95:0,удар по воротам,640208_5.mp4
98,97:0,удар по воротам,640208_5.mp4
99,99:0,удар по воротам,640208_5.mp4
100,1:0,удар по воротам,640202_5.mp4
101,3:0,удар по воротам,640202_5.mp4
102,5:0,удар по воротам,640202_5.mp4
103,7:0,удар по воротам,640202_5.mp4
104,9:0,удар по воротам,640202_5.mp4
105,11:0,удар по воротам,640202_5.mp4
106,13:0,удар по воротам,640202_5.mp4
107,15:0,удар по воротам,640202_5.mp4
108,17:0,удар по воротам,640202_5.mp4
109,19:0,удар по воротам,640202_5.mp4
110,21:0,удар по воротам,640202_5.mp4
111,23:0,удар по воротам,640202_5.mp4
112,25:0,удар по воротам,640202_5.mp4
113,27:0,удар по воротам,640202_5.mp4
114,29:0,удар по воротам,640202_5.mp4
115,31:0,удар по воротам,640202_5.mp4
116,33:0,удар по воротам,640202_5.mp4
117,35:0,удар по воротам,640202_5.mp4
118,37:0,удар по воротам,640202_5.mp4
119,39:0,удар по воротам,640202_5.mp4
120,41:0,удар по воротам,640202_5.mp4
121,43:0,удар по воротам,640202_5.mp4
122,45:0,удар по воротам,640202_5.mp4
123,47:0,удар по воротам,640202_5.mp4
124,49:0,удар по воротам,640202_5.mp4
125,51:0,удар по воротам,640202_5.mp4
126,53:0,удар по воротам,640202_5.mp4
127,55:0,удар по воротам,640202_5.mp4
128,57:0,удар по воротам,640202_5.mp4
129,59:0,удар по воротам,640202_5.mp4
130,61:0,удар по воротам,640202_5.mp4
131,63:0,удар по воротам,640202_5.mp4
132,65:0,удар по воротам,640202_5.mp4
133,67:0,удар по воротам,640202_5.mp4
134,69:0,удар по воротам,640202_5.mp4
135,71:0,удар по воротам,640202_5.mp4
136,73:0,удар по воротам,640202_5.mp4
137,75:0,удар по воротам,640202_5.mp4
138,77:0,удар по воротам,640202_5.mp4
139,79:0,удар по воротам,640202_5.mp4
140,81:0,удар по воротам,640202_5.mp4
141,83:0,удар по воротам,640202_5.mp4
142,85:0,удар по воротам,640202_5.mp4
143,87:0,удар по воротам,640202_5.mp4
144,89:0,удар по воротам,640202_5.mp4
145,91:0,удар по воротам,640202_5.mp4
146,93:0,удар по воротам,640202_5.mp4
147,95:0,удар по воротам,640202_5.mp4
148,97:0,удар по воротам,640202_5.mp4
149,99:0,удар по воротам,640202_5.mp4
150,1:0,удар по воротам,640196_5.mp4
151,3:0,удар по воротам,640196_5.mp4
152,5:0,удар по воротам,640196_5.mp4
153,7:0,удар по воротам,640196_5.mp4
154,9:0,удар по воротам,640196_5.mp4
155,11:0,удар по воротам,640196_5.mp4
156,13:0,удар по воротам,640196_5.mp4
157,15:0,удар по воротам,640196_5.mp4
158,17:0,удар по воротам,640196_5.mp4
159,19:0,удар по воротам,640196_5.mp4
160,21:0,удар по воротам,640196_5.mp4
161,23:0,удар по воротам,640196_5.mp4
162,25:0,удар по воротам,640196_5.mp4
163,27:0,удар по воротам,640196_5.mp4
164,29:0,удар по воротам,640196_5.mp4
165,31:0,удар по воротам,640196_5.mp4
166,33:0,удар по воротам,640196_5.mp4
167,35:0,удар по воротам,640196_5.mp4
168,37:0,удар по воротам,640196_5.mp4
169,39:0,удар по воротам,640196_5.mp4
170,41:0,удар по воротам,640196_5.mp4
171,43:0,удар по воротам,640196_5.mp4
172,45:0,удар по воротам,640196_5.mp4
173,47:0,удар по воротам,640196_5.mp4
174,49:0,удар по воротам,640196_5.mp4
175,51:0,удар по воротам,640196_5.mp4
176,53:0,удар по воротам,640196_5.mp4
177,55:0,удар по воротам,640196_5.mp4
178,57:0,удар по воротам,640196_5.mp4
179,59:0,удар по воротам,640196_5.mp4
180,61:0,удар по воротам,640196_5.mp4
181,63:0,удар по воротам,640196_5.mp4
182,65:0,удар по воротам,640196_5.mp4
183,67:0,удар по воротам,640196_5.mp4
184,69:0,удар по воротам,640196_5.mp4
185,71:0,удар по воротам,640196_5.mp4
186,73:0,удар по воротам,640196_5.mp4
187,75:0,удар по воротам,640196_5.mp4
188,77:0,удар по воротам,640196_5.mp4
189,79:0,удар по воротам,640196_5.mp4
190,81:0,удар по воротам,640196_5.mp4
191,83:0,удар по воротам,640196_5.mp4
192,85:0,удар по воротам,640196_5.mp4
193,87:0,удар по воротам,640196_5.mp4
194,89:0,удар по воротам,640196_5.mp4
195,91:0,удар по воротам,640196_5.mp4
196,93:0,удар по воротам,640196_5.mp4
197,95:0,удар по воротам,640196_5.mp4
198,97:0,удар по воротам,640196_5.mp4
199,99:0,удар по воротам,640196_5.mp4
200,1:0,удар по воротам,643734_5.mp4
201,3:0,удар по воротам,643734_5.mp4
202,5:0,удар по воротам,643734_5.mp4
203,7:0,удар по воротам,643734_5.mp4
204,9:0,удар по воротам,643734_5.mp4
205,11:0,удар по воротам,643734_5.mp4
206,13:0,удар по воротам,643734_5.mp4
207,15:0,удар по воротам,643734_5.mp4
208,17:0,удар по воротам,643734_5.mp4
209,19:0,удар по воротам,643734_5.mp4
210,21:0,удар по воротам,643734_5.mp4
211,23:0,удар по воротам,643734_5.mp4
212,25:0,удар по воротам,643734_5.mp4
213,27:0,удар по воротам,643734_5.mp4
214,29:0,удар по воротам,643734_5.mp4
215,31:0,удар по воротам,643734_5.mp4
216,33:0,удар по воротам,643734_5.mp4
217,35:0,удар по воротам,643734_5.mp4
218,37:0,удар по воротам,643734_5.mp4
219,39:0,удар по воротам,643734_5.mp4
220,41:0,удар по воротам,643734_5.mp4
221,43:0,удар по воротам,643734_5.mp4
222,45:0,удар по воротам,643734_5.mp4
223,47:0,удар по воротам,643734_5.mp4
224,49:0,удар по воротам,643734_5.mp4
225,51:0,удар по воротам,643734_5.mp4
226,53:0,удар по воротам,643734_5.mp4
227,55:0,удар по воротам,643734_5.mp4
228,57:0,удар по воротам,643734_5.mp4
229,59:0,удар по воротам,643734_5.mp4
230,61:0,удар по воротам,643734_5.mp4
231,63:0,удар по воротам,643734_5.mp4
232,65:0,удар по воротам,643734_5.mp4
233,67:0,удар по воротам,643734_5.mp4
234,69:0,удар по воротам,643734_5.mp4
235,71:0,удар по воротам,643734_5.mp4
236,73:0,удар по воротам,643734_5.mp4
237,75:0,удар по воротам,643734_5.mp4
238,77:0,удар по воротам,643734_5.mp4
239,79:0,удар по воротам,643734_5.mp4
240,81:0,удар по воротам,643734_5.mp4
241,83:0,удар по воротам,643734_5.mp4
242,85:0,удар по воротам,643734_5.mp4
243,87:0,удар по воротам,643734_5.mp4
244,89:0,удар по воротам,643734_5.mp4
245,91:0,удар по воротам,643734_5.mp4
246,93:0,удар по воротам,643734_5.mp4
247,95:0,удар по воротам,643734_5.mp4
248,97:0,удар по воротам,643734_5.mp4
249,99:0,удар по воротам,643734_5.mp4
250,1:0,удар по воротам,639919_5.mp4
251,3:0,удар по воротам,639919_5.mp4
252,5:0,удар по воротам,639919_5.mp4
253,7:0,удар по воротам,639919_5.mp4
254,9:0,удар по воротам,639919_5.mp4
255,11:0,удар по воротам,639919_5.mp4
256,13:0,удар по воротам,639919_5.mp4
257,15:0,удар по воротам,639919_5.mp4
258,17:0,удар по воротам,639919_5.mp4
259,19:0,удар по воротам,639919_5.mp4
260,21:0,удар по воротам,639919_5.mp4
261,23:0,удар по воротам,639919_5.mp4
262,25:0,удар по воротам,639919_5.mp4
263,27:0,удар по воротам,639919_5.mp4
264,29:0,удар по воротам,639919_5.mp4
265,31:0,удар по воротам,639919_5.mp4
266,33:0,удар по воротам,639919_5.mp4
267,35:0,удар по воротам,639919_5.mp4
268,37:0,удар по воротам,639919_5.mp4
269,39:0,удар по воротам,639919_5.mp4
270,41:0,удар по воротам,639919_5.mp4
271,43:0,удар по воротам,639919_5.mp4
272,45:0,удар по воротам,639919_5.mp4
273,47:0,удар по воротам,639919_5.mp4
274,49:0,удар по воротам,639919_5.mp4
275,51:0,удар по воротам,639919_5.mp4
276,53:0,удар по воротам,639919_5.mp4
277,55:0,удар по воротам,639919_5.mp4
278,57:0,удар по воротам,639919_5.mp4
279,59:0,удар по воротам,639919_5.mp4
280,61:0,удар по воротам,639919_5.mp4
281,63:0,удар по воротам,639919_5.mp4
282,65:0,удар по воротам,639919_5.mp4
283,67:0,удар по воротам,639919_5.mp4
284,69:0,удар по воротам,639919_5.mp4
285,71:0,удар по воротам,639919_5.mp4
286,73:0,удар по воротам,639919_5.mp4
287,75:0,удар по воротам,639919_5.mp4
288,77:0,удар по воротам,639919_5.mp4
289,79:0,удар по воротам,639919_5.mp4
290,81:0,удар по воротам,639919_5.mp4
291,83:0,удар по воротам,639919_5.mp4
292,85:0,удар по воротам,639919_5.mp4
293,87:0,удар по воротам,639919_5.mp4
294,89:0,удар по воротам,639919_5.mp4
295,91:0,удар по воротам,639919_5.mp4
296,93:0,удар по воротам,639919_5.mp4
297,95:0,удар по воротам,639919_5.mp4
298,97:0,удар по воротам,639919_5.mp4
299,99:0,удар по воротам,639919_5.mp4
300,1:0,удар по воротам,639900_5.mp4
301,3:0,удар по воротам,639900_5.mp4
302,5:0,удар по воротам,639900_5.mp4
303,7:0,удар по воротам,639900_5.mp4
304,9:0,удар по воротам,639900_5.mp4
305,11:0,удар по воротам,639900_5.mp4
306,13:0,удар по воротам,639900_5.mp4
307,15:0,удар по воротам,639900_5.mp4
308,17:0,удар по воротам,639900_5.mp4
309,19:0,удар по воротам,639900_5.mp4
310,21:0,удар по воротам,639900_5.mp4
311,23:0,удар по воротам,639900_5.mp4
312,25:0,удар по воротам,639900_5.mp4
313,27:0,удар по воротам,639900_5.mp4
314,29:0,удар по воротам,639900_5.mp4
315,31:0,удар по воротам,639900_5.mp4
316,33:0,удар по воротам,639900_5.mp4
317,35:0,удар по воротам,639900_5.mp4
318,37:0,удар по воротам,639900_5.mp4
319,39:0,удар по воротам,639900_5.mp4
320,41:0,удар по воротам,639900_5.mp4
321,43:0,удар по воротам,639900_5.mp4
322,45:0,удар по воротам,639900_5.mp4
323,47:0,удар по воротам,639900_5.mp4
324,49:0,удар по воротам,639900_5.mp4
325,51:0,удар по воротам,639900_5.mp4
326,53:0,удар по воротам,639900_5.mp4
327,55:0,удар по воротам,639900_5.mp4
328,57:0,удар по воротам,639900_5.mp4
329,59:0,удар по воротам,639900_5.mp4
330,61:0,удар по воротам,639900_5.mp4
331,63:0,удар по воротам,639900_5.mp4
332,65:0,удар по воротам,639900_5.mp4
333,67:0,удар по воротам,639900_5.mp4
334,69:0,удар по воротам,639900_5.mp4
335,71:0,удар по воротам,639900_5.mp4
336,73:0,удар по воротам,639900_5.mp4
337,75:0,удар по воротам,639900_5.mp4
338,77:0,удар по воротам,639900_5.mp4
339,79:0,удар по воротам,639900_5.mp4
340,81:0,удар по воротам,639900_5.mp4
341,83:0,удар по воротам,639900_5.mp4
342,85:0,удар по воротам,639900_5.mp4
343,87:0,удар по воротам,639900_5.mp4
344,89:0,удар по воротам,639900_5.mp4
345,91:0,удар по воротам,639900_5.mp4
346,93:0,удар по воротам,639900_5.mp4
347,95:0,удар по воротам,639900_5.mp4
348,97:0,удар по воротам,639900_5.mp4
349,99:0,удар по воротам,639900_5.mp4
350,1:0,удар по воротам,640085_5.mp4
351,3:0,удар по воротам,640085_5.mp4
352,5:0,удар по воротам,640085_5.mp4
353,7:0,удар по воротам,640085_5.mp4
354,9:0,удар по воротам,640085_5.mp4
355,11:0,удар по воротам,640085_5.mp4
356,13:0,удар по воротам,640085_5.mp4
357,15:0,удар по воротам,640085_5.mp4
358,17:0,удар по воротам,640085_5.mp4
359,19:0,удар по воротам,640085_5.mp4
360,21:0,удар по воротам,640085_5.mp4
361,23:0,удар по воротам,640085_5.mp4
362,25:0,удар по воротам,640085_5.mp4
363,27:0,удар по воротам,640085_5.mp4
364,29:0,удар по воротам,640085_5.mp4
365,31:0,удар по воротам,640085_5.mp4
366,33:0,удар по воротам,640085_5.mp4
367,35:0,удар по воротам,640085_5.mp4
368,37:0,удар по воротам,640085_5.mp4
369,39:0,удар по воротам,640085_5.mp4
370,41:0,удар по воротам,640085_5.mp4
371,43:0,удар по воротам,640085_5.mp4
372,45:0,удар по воротам,640085_5.mp4
373,47:0,удар по воротам,640085_5.mp4
374,49:0,удар по воротам,640085_5.mp4
375,51:0,удар по воротам,640085_5.mp4
376,53:0,удар по воротам,640085_5.mp4
377,55:0,удар по воротам,640085_5.mp4
378,57:0,удар по воротам,640085_5.mp4
379,59:0,удар по воротам,640085_5.mp4
380,61:0,удар по воротам,640085_5.mp4
381,63:0,удар по воротам,640085_5.mp4
382,65:0,удар по воротам,640085_5.mp4
383,67:0,удар по воротам,640085_5.mp4
384,69:0,удар по воротам,640085_5.mp4
385,71:0,удар по воротам,640085_5.mp4
386,73:0,удар по воротам,640085_5.mp4
387,75:0,удар по воротам,640085_5.mp4
388,77:0,удар по воротам,640085_5.mp4
389,79:0,удар по воротам,640085_5.mp4
390,81:0,удар по воротам,640085_5.mp4
391,83:0,удар по воротам,640085_5.mp4
392,85:0,удар по воротам,640085_5.mp4
393,87:0,удар по воротам,640085_5.mp4
394,89:0,удар по воротам,640085_5.mp4
395,91:0,удар по воротам,640085_5.mp4
396,93:0,удар по воротам,640085_5.mp4
397,95:0,удар по воротам,640085_5.mp4
398,97:0,удар по воротам,640085_5.mp4
399,99:0,удар по воротам,640085_5.mp4
400,1:0,удар по воротам,639939_5.mp4
401,3:0,удар по воротам,639939_5.mp4
402,5:0,удар по воротам,639939_5.mp4
403,7:0,удар по воротам,639939_5.mp4
404,9:0,удар по воротам,639939_5.mp4
405,11:0,удар по воротам,639939_5.mp4
406,13:0,удар по воротам,639939_5.mp4
407,15:0,удар по воротам,639939_5.mp4
408,17:0,удар по воротам,639939_5.mp4
409,19:0,удар по воротам,639939_5.mp4
410,21:0,удар по воротам,639939_5.mp4
411,23:0,удар по воротам,639939_5.mp4
412,25:0,удар по воротам,639939_5.mp4
413,27:0,удар по воротам,639939_5.mp4
414,29:0,удар по воротам,639939_5.mp4
415,31:0,удар по воротам,639939_5.mp4
416,33:0,удар по воротам,639939_5.mp4
417,35:0,удар по воротам,639939_5.mp4
418,37:0,удар по воротам,639939_5.mp4
419,39:0,удар по воротам,639939_5.mp4
420,41:0,удар по воротам,639939_5.mp4
421,43:0,удар по воротам,639939_5.mp4
422,45:0,удар по воротам,639939_5.mp4
423,47:0,удар по воротам,639939_5.mp4
424,49:0,удар по воротам,639939_5.mp4
425,51:0,удар по воротам,639939_5.mp4
426,53:0,удар по воротам,639939_5.mp4
427,55:0,удар по воротам,639939_5.mp4
428,57:0,удар по воротам,639939_5.mp4
429,59:0,удар по воротам,639939_5.mp4
430,61:0,удар по воротам,639939_5.mp4
431,63:0,удар по воротам,639939_5.mp4
432,65:0,удар по воротам,639939_5.mp4
433,67:0,удар по воротам,639939_5.mp4
434,69:0,удар по воротам,639939_5.mp4
435,71:0,удар по воротам,639939_5.mp4
436,73:0,удар по воротам,639939_5.mp4
437,75:0,удар по воротам,639939_5.mp4
438,77:0,удар по воротам,639939_5.mp4
439,79:0,удар по воротам,639939_5.mp4
440,81:0,удар по воротам,639939_5.mp4
441,83:0,удар по воротам,639939_5.mp4
442,85:0,удар по воротам,639939_5.mp4
443,87:0,удар по воротам,639939_5.mp4
444,89:0,удар по воротам,639939_5.mp4
445,91:0,удар по воротам,639939_5.mp4
446,93:0,удар по воротам,639939_5.mp4
447,95:0,удар по воротам,639939_5.mp4
448,97:0,удар по воротам,639939_5.mp4
449,99:0,удар по воротам,639939_5.mp4
450,1:0,удар по воротам,639933_5.mp4
451,3:0,удар по воротам,639933_5.mp4
452,5:0,удар по воротам,639933_5.mp4
453,7:0,удар по воротам,639933_5.mp4
454,9:0,удар по воротам,639933_5.mp4
455,11:0,удар по воротам,639933_5.mp4
456,13:0,удар по воротам,639933_5.mp4
457,15:0,удар по воротам,639933_5.mp4
458,17:0,удар по воротам,639933_5.mp4
459,19:0,удар по воротам,639933_5.mp4
460,21:0,удар по воротам,639933_5.mp4
461,23:0,удар по воротам,639933_5.mp4
462,25:0,удар по воротам,639933_5.mp4
463,27:0,удар по воротам,639933_5.mp4
464,29:0,удар по воротам,639933_5.mp4
465,31:0,удар по воротам,639933_5.mp4
466,33:0,удар по воротам,639933_5.mp4
467,35:0,удар по воротам,639933_5.mp4
468,37:0,удар по воротам,639933_5.mp4
469,39:0,удар по воротам,639933_5.mp4
470,41:0,удар по воротам,639933_5.mp4
471,43:0,удар по воротам,639933_5.mp4
472,45:0,удар по воротам,639933_5.mp4
473,47:0,удар по воротам,639933_5.mp4
474,49:0,удар по воротам,639933_5.mp4
475,51:0,удар по воротам,639933_5.mp4
476,53:0,удар по воротам,639933_5.mp4
477,55:0,удар по воротам,639933_5.mp4
478,57:0,удар по воротам,639933_5.mp4
479,59:0,удар по воротам,639933_5.mp4
480,61:0,удар по воротам,639933_5.mp4
481,63:0,удар по воротам,639933_5.mp4
482,65:0,удар по воротам,639933_5.mp4
483,67:0,удар по воротам,639933_5.mp4
484,69:0,удар по воротам,639933_5.mp4
485,71:0,удар по воротам,639933_5.mp4
486,73:0,удар по воротам,639933_5.mp4
487,75:0,удар по воротам,639933_5.mp4
488,77:0,удар по воротам,639933_5.mp4
489,79:0,удар по воротам,639933_5.mp4
490,81:0,удар по воротам,639933_5.mp4
491,83:0,удар по воротам,639933_5.mp4
492,85:0,удар по воротам,639933_5.mp4
493,87:0,удар по воротам,639933_5.mp4
494,89:0,удар по воротам,639933_5.mp4
495,91:0,удар по воротам,639933_5.mp4
496,93:0,удар по воротам,639933_5.mp4
497,95:0,удар по воротам,639933_5.mp4
498,97:0,удар по воротам,639933_5.mp4
499,99:0,удар по воротам,639933_5.mp4
500,1:0,удар по воротам,640606_5.mp4
501,3:0,удар по воротам,640606_5.mp4
502,5:0,удар по воротам,640606_5.mp4
503,7:0,удар по воротам,640606_5.mp4
504,9:0,удар по воротам,640606_5.mp4
505,11:0,удар по воротам,640606_5.mp4
506,13:0,удар по воротам,640606_5.mp4
507,15:0,удар по воротам,640606_5.mp4
508,17:0,удар по воротам,640606_5.mp4
509,19:0,удар по воротам,640606_5.mp4
510,21:0,удар по воротам,640606_5.mp4
511,23:0,удар по воротам,640606_5.mp4
512,25:0,удар по воротам,640606_5.mp4
513,27:0,удар по воротам,640606_5.mp4
514,29:0,удар по воротам,640606_5.mp4
515,31:0,удар по воротам,640606_5.mp4
516,33:0,удар по воротам,640606_5.mp4
517,35:0,удар по воротам,640606_5.mp4
518,37:0,удар по воротам,640606_5.mp4
519,39:0,удар по воротам,640606_5.mp4
520,41:0,удар по воротам,640606_5.mp4
521,43:0,удар по воротам,640606_5.mp4
522,45:0,удар по воротам,640606_5.mp4
523,47:0,удар по воротам,640606_5.mp4
524,49:0,удар по воротам,640606_5.mp4
525,51:0,удар по воротам,640606_5.mp4
526,53:0,удар по воротам,640606_5.mp4
527,55:0,удар по воротам,640606_5.mp4
528,57:0,удар по воротам,640606_5.mp4
529,59:0,удар по воротам,640606_5.mp4
530,61:0,удар по воротам,640606_5.mp4
531,63:0,удар по воротам,640606_5.mp4
532,65:0,удар по воротам,640606_5.mp4
533,67:0,удар по воротам,640606_5.mp4
534,69:0,удар по воротам,640606_5.mp4
535,71:0,удар по воротам,640606_5.mp4
536,73:0,удар по воротам,640606_5.mp4
537,75:0,удар по воротам,640606_5.mp4
538,77:0,удар по воротам,640606_5.mp4
539,79:0,удар по воротам,640606_5.mp4
540,81:0,удар по воротам,640606_5.mp4
541,83:0,удар по воротам,640606_5.mp4
542,85:0,удар по воротам,640606_5.mp4
543,87:0,удар по воротам,640606_5.mp4
544,89:0,удар по воротам,640606_5.mp4
545,91:0,удар по воротам,640606_5.mp4
546,93:0,удар по воротам,640606_5.mp4
547,95:0,удар по воротам,640606_5.mp4
548,97:0,удар по воротам,640606_5.mp4
549,99:0,удар по воротам,640606_5.mp4
550,1:0,удар по воротам,641579_3.mp4
551,3:0,удар по воротам,641579_3.mp4
552,5:0,удар по воротам,641579_3.mp4
553,7:0,удар по воротам,641579_3.mp4
554,9:0,удар по воротам,641579_3.mp4
555,11:0,удар по воротам,641579_3.mp4
556,13:0,удар по воротам,641579_3.mp4
557,15:0,удар по воротам,641579_3.mp4
558,17:0,удар по воротам,641579_3.mp4
559,19:0,удар по воротам,641579_3.mp4
560,21:0,удар по воротам,641579_3.mp4
561,23:0,удар по воротам,641579_3.mp4
562,25:0,удар по воротам,641579_3.mp4
563,27:0,удар по воротам,641579_3.mp4
564,29:0,удар по воротам,641579_3.mp4
565,31:0,удар по воротам,641579_3.mp4
566,33:0,удар по воротам,641579_3.mp4
567,35:0,удар по воротам,641579_3.mp4
568,37:0,удар по воротам,641579_3.mp4
569,39:0,удар по воротам,641579_3.mp4
570,41:0,удар по воротам,641579_3.mp4
571,43:0,удар по воротам,641579_3.mp4
572,45:0,удар по воротам,641579_3.mp4
573,47:0,удар по воротам,641579_3.mp4
574,49:0,удар по воротам,641579_3.mp4
575,51:0,удар по воротам,641579_3.mp4
576,53:0,удар по воротам,641579_3.mp4
577,55:0,удар по воротам,641579_3.mp4
578,57:0,удар по воротам,641579_3.mp4
579,59:0,удар по воротам,641579_3.mp4
580,61:0,удар по воротам,641579_3.mp4
581,63:0,удар по воротам,641579_3.mp4
582,65:0,удар по воротам,641579_3.mp4
583,67:0,удар по воротам,641579_3.mp4
584,69:0,удар по воротам,641579_3.mp4
585,71:0,удар по воротам,641579_3.mp4
586,73:0,удар по воротам,641579_3.mp4
587,75:0,удар по воротам,641579_3.mp4
588,77:0,удар по воротам,641579_3.mp4
589,79:0,удар по воротам,641579_3.mp4
590,81:0,удар по воротам,641579_3.mp4
591,83:0,удар по воротам,641579_3.mp4
592,85:0,удар по воротам,641579_3.mp4
593,87:0,удар по воротам,641579_3.mp4
594,89:0,удар по воротам,641579_3.mp4
595,91:0,удар по воротам,641579_3.mp4
596,93:0,удар по воротам,641579_3.mp4
597,95:0,удар по воротам,641579_3.mp4
598,97:0,удар по воротам,641579_3.mp4
599,99:0,удар по воротам,641579_3.mp4
600,1:0,удар по воротам,640680_5.mp4
601,3:0,удар по воротам,640680_5.mp4
602,5:0,удар по воротам,640680_5.mp4
603,7:0,удар по воротам,640680_5.mp4
604,9:0,удар по воротам,640680_5.mp4
605,11:0,удар по воротам,640680_5.mp4
606,13:0,удар по воротам,640680_5.mp4
607,15:0,удар по воротам,640680_5.mp4
608,17:0,удар по воротам,640680_5.mp4
609,19:0,удар по воротам,640680_5.mp4
610,21:0,удар по воротам,640680_5.mp4
611,23:0,удар по воротам,640680_5.mp4
612,25:0,удар по воротам,640680_5.mp4
613,27:0,удар по воротам,640680_5.mp4
614,29:0,удар по воротам,640680_5.mp4
615,31:0,удар по воротам,640680_5.mp4
616,33:0,удар по воротам,640680_5.mp4
617,35:0,удар по воротам,640680_5.mp4
618,37:0,удар по воротам,640680_5.mp4
619,39:0,удар по воротам,640680_5.mp4
620,41:0,удар по воротам,640680_5.mp4
621,43:0,удар по воротам,640680_5.mp4
622,45:0,удар по воротам,640680_5.mp4
623,47:0,удар по воротам,640680_5.mp4
624,49:0,удар по воротам,640680_5.mp4
625,51:0,удар по воротам,640680_5.mp4
626,53:0,удар по воротам,640680_5.mp4
627,55:0,удар по воротам,640680_5.mp4
628,57:0,удар по воротам,640680_5.mp4
629,59:0,удар по воротам,640680_5.mp4
630,61:0,удар по воротам,640680_5.mp4
631,63:0,удар по воротам,640680_5.mp4
632,65:0,удар по воротам,640680_5.mp4
633,67:0,удар по воротам,640680_5.mp4
634,69:0,удар по воротам,640680_5.mp4
635,71:0,удар по воротам,640680_5.mp4
636,73:0,удар по воротам,640680_5.mp4
637,75:0,удар по воротам,640680_5.mp4
638,77:0,удар по воротам,640680_5.mp4
639,79:0,удар по воротам,640680_5.mp4
640,81:0,удар по воротам,640680_5.mp4
641,83:0,удар по воротам,640680_5.mp4
642,85:0,удар по воротам,640680_5.mp4
643,87:0,удар по воротам,640680_5.mp4
644,89:0,удар по воротам,640680_5.mp4
645,91:0,удар по воротам,640680_5.mp4
646,93:0,удар по воротам,640680_5.mp4
647,95:0,удар по воротам,640680_5.mp4
648,97:0,удар по воротам,640680_5.mp4
649,99:0,удар по воротам,640680_5.mp4
650,1:0,удар по воротам,640674_5.mp4
651,3:0,удар по воротам,640674_5.mp4
652,5:0,удар по воротам,640674_5.mp4
653,7:0,удар по воротам,640674_5.mp4
654,9:0,удар по воротам,640674_5.mp4
655,11:0,удар по воротам,640674_5.mp4
656,13:0,удар по воротам,640674_5.mp4
657,15:0,удар по воротам,640674_5.mp4
658,17:0,удар по воротам,640674_5.mp4
659,19:0,удар по воротам,640674_5.mp4
660,21:0,удар по воротам,640674_5.mp4
661,23:0,удар по воротам,640674_5.mp4
662,25:0,удар по воротам,640674_5.mp4
663,27:0,удар по воротам,640674_5.mp4
664,29:0,удар по воротам,640674_5.mp4
665,31:0,удар по воротам,640674_5.mp4
666,33:0,удар по воротам,640674_5.mp4
667,35:0,удар по воротам,640674_5.mp4
668,37:0,удар по воротам,640674_5.mp4
669,39:0,удар по воротам,640674_5.mp4
670,41:0,удар по воротам,640674_5.mp4
671,43:0,удар по воротам,640674_5.mp4
672,45:0,удар по воротам,640674_5.mp4
673,47:0,удар по воротам,640674_5.mp4
674,49:0,удар по воротам,640674_5.mp4
675,51:0,удар по воротам,640674_5.mp4
676,53:0,удар по воротам,640674_5.mp4
677,55:0,удар по воротам,640674_5.mp4
678,57:0,удар по воротам,640674_5.mp4
679,59:0,удар по воротам,640674_5.mp4
680,61:0,удар по воротам,640674_5.mp4
681,63:0,удар по воротам,640674_5.mp4
682,65:0,удар по воротам,640674_5.mp4
683,67:0,удар по воротам,640674_5.mp4
684,69:0,удар по воротам,640674_5.mp4
685,71:0,удар по воротам,640674_5.mp4
686,73:0,удар по воротам,640674_5.mp4
687,75:0,удар по воротам,640674_5.mp4
688,77:0,удар по воротам,640674_5.mp4
689,79:0,удар по воротам,640674_5.mp4
690,81:0,удар по воротам,640674_5.mp4
691,83:0,удар по воротам,640674_5.mp4
692,85:0,удар по воротам,640674_5.mp4
693,87:0,удар по воротам,640674_5.mp4
694,89:0,удар по воротам,640674_5.mp4
695,91:0,удар по воротам,640674_5.mp4
696,93:0,удар по воротам,640674_5.mp4
697,95:0,удар по воротам,640674_5.mp4
698,97:0,удар по воротам,640674_5.mp4
699,99:0,удар по воротам,640674_5.mp4
700,1:0,удар по воротам,640600_3.mp4
701,3:0,удар по воротам,640600_3.mp4
702,5:0,удар по воротам,640600_3.mp4
703,7:0,удар по воротам,640600_3.mp4
704,9:0,удар по воротам,640600_3.mp4
705,11:0,удар по воротам,640600_3.mp4
706,13:0,удар по воротам,640600_3.mp4
707,15:0,удар по воротам,640600_3.mp4
708,17:0,удар по воротам,640600_3.mp4
709,19:0,удар по воротам,640600_3.mp4
710,21:0,удар по воротам,640600_3.mp4
711,23:0,удар по воротам,640600_3.mp4
712,25:0,удар по воротам,640600_3.mp4
713,27:0,удар по воротам,640600_3.mp4
714,29:0,удар по воротам,640600_3.mp4
715,31:0,удар по воротам,640600_3.mp4
716,33:0,удар по воротам,640600_3.mp4
717,35:0,удар по воротам,640600_3.mp4
718,37:0,удар по воротам,640600_3.mp4
719,39:0,удар по воротам,640600_3.mp4
720,41:0,удар по воротам,640600_3.mp4
721,43:0,удар по воротам,640600_3.mp4
722,45:0,удар по воротам,640600_3.mp4
723,47:0,удар по воротам,640600_3.mp4
724,49:0,удар по воротам,640600_3.mp4
725,51:0,удар по воротам,640600_3.mp4
726,53:0,удар по воротам,640600_3.mp4
727,55:0,удар по воротам,640600_3.mp4
728,57:0,удар по воротам,640600_3.mp4
729,59:0,удар по воротам,640600_3.mp4
730,61:0,удар по воротам,640600_3.mp4
731,63:0,удар по воротам,640600_3.mp4
732,65:0,удар по воротам,640600_3.mp4
733,67:0,удар по воротам,640600_3.mp4
734,69:0,удар по воротам,640600_3.mp4
735,71:0,удар по воротам,640600_3.mp4
736,73:0,удар по воротам,640600_3.mp4
737,75:0,удар по воротам,640600_3.mp4
738,77:0,удар по воротам,640600_3.mp4
739,79:0,удар по воротам,640600_3.mp4
740,81:0,удар по воротам,640600_3.mp4
741,83:0,удар по воротам,640600_3.mp4
742,85:0,удар по воротам,640600_3.mp4
743,87:0,удар по воротам,640600_3.mp4
744,89:0,удар по воротам,640600_3.mp4
745,91:0,удар по воротам,640600_3.mp4
746,93:0,удар по воротам,640600_3.mp4
747,95:0,удар по воротам,640600_3.mp4
748,97:0,удар по воротам,640600_3.mp4
749,99:0,удар по воротам,640600_3.mp4
750,1:0,удар по воротам,640668_5.mp4
751,3:0,удар по воротам,640668_5.mp4
752,5:0,удар по воротам,640668_5.mp4
753,7:0,удар по воротам,640668_5.mp4
754,9:0,удар по воротам,640668_5.mp4
755,11:0,удар по воротам,640668_5.mp4
756,13:0,удар по воротам,640668_5.mp4
757,15:0,удар по воротам,640668_5.mp4
758,17:0,удар по воротам,640668_5.mp4
759,19:0,удар по воротам,640668_5.mp4
760,21:0,удар по воротам,640668_5.mp4
761,23:0,удар по воротам,640668_5.mp4
762,25:0,удар по воротам,640668_5.mp4
763,27:0,удар по воротам,640668_5.mp4
764,29:0,удар по воротам,640668_5.mp4
765,31:0,удар по воротам,640668_5.mp4
766,33:0,удар по воротам,640668_5.mp4
767,35:0,удар по воротам,640668_5.mp4
768,37:0,удар по воротам,640668_5.mp4
769,39:0,удар по воротам,640668_5.mp4
770,41:0,удар по воротам,640668_5.mp4
771,43:0,удар по воротам,640668_5.mp4
772,45:0,удар по воротам,640668_5.mp4
773,47:0,удар по воротам,640668_5.mp4
774,49:0,удар по воротам,640668_5.mp4
775,51:0,удар по воротам,640668_5.mp4
776,53:0,удар по воротам,640668_5.mp4
777,55:0,удар по воротам,640668_5.mp4
778,57:0,удар по воротам,640668_5.mp4
779,59:0,удар по воротам,640668_5.mp4
780,61:0,удар по воротам,640668_5.mp4
781,63:0,удар по воротам,640668_5.mp4
782,65:0,удар по воротам,640668_5.mp4
783,67:0,удар по воротам,640668_5.mp4
784,69:0,удар по воротам,640668_5.mp4
785,71:0,удар по воротам,640668_5.mp4
786,73:0,удар по воротам,640668_5.mp4
787,75:0,удар по воротам,640668_5.mp4
788,77:0,удар по воротам,640668_5.mp4
789,79:0,удар по воротам,640668_5.mp4
790,81:0,удар по воротам,640668_5.mp4
791,83:0,удар по воротам,640668_5.mp4
792,85:0,удар по воротам,640668_5.mp4
793,87:0,удар по воротам,640668_5.mp4
794,89:0,удар по воротам,640668_5.mp4
795,91:0,удар по воротам,640668_5.mp4
796,93:0,удар по воротам,640668_5.mp4
797,95:0,удар по воротам,640668_5.mp4
798,97:0,удар по воротам,640668_5.mp4
799,99:0,удар по воротам,640668_5.mp4
800,1:0,удар по воротам,633020_5.mp4
801,3:0,удар по воротам,633020_5.mp4
802,5:0,удар по воротам,633020_5.mp4
803,7:0,удар по воротам,633020_5.mp4
804,9:0,удар по воротам,633020_5.mp4
805,11:0,удар по воротам,633020_5.mp4
806,13:0,удар по воротам,633020_5.mp4
807,15:0,удар по воротам,633020_5.mp4
808,17:0,удар по воротам,633020_5.mp4
809,19:0,удар по воротам,633020_5.mp4
810,21:0,удар по воротам,633020_5.mp4
811,23:0,удар по воротам,633020_5.mp4
812,25:0,удар по воротам,633020_5.mp4
813,27:0,удар по воротам,633020_5.mp4
814,29:0,удар по воротам,633020_5.mp4
815,31:0,удар по воротам,633020_5.mp4
816,33:0,удар по воротам,633020_5.mp4
817,35:0,удар по воротам,633020_5.mp4
818,37:0,удар по воротам,633020_5.mp4
819,39:0,удар по воротам,633020_5.mp4
820,41:0,удар по воротам,633020_5.mp4
821,43:0,удар по воротам,633020_5.mp4
822,45:0,удар по воротам,633020_5.mp4
823,47:0,удар по воротам,633020_5.mp4
824,49:0,удар по воротам,633020_5.mp4
825,51:0,удар по воротам,633020_5.mp4
826,53:0,удар по воротам,633020_5.mp4
827,55:0,удар по воротам,633020_5.mp4
828,57:0,удар по воротам,633020_5.mp4
829,59:0,удар по воротам,633020_5.mp4
830,61:0,удар по воротам,633020_5.mp4
831,63:0,удар по воротам,633020_5.mp4
832,65:0,удар по воротам,633020_5.mp4
833,67:0,удар по воротам,633020_5.mp4
834,69:0,удар по воротам,633020_5.mp4
835,71:0,удар по воротам,633020_5.mp4
836,73:0,удар по воротам,633020_5.mp4
837,75:0,удар по воротам,633020_5.mp4
838,77:0,удар по воротам,633020_5.mp4
839,79:0,удар по воротам,633020_5.mp4
840,81:0,удар по воротам,633020_5.mp4
841,83:0,удар по воротам,633020_5.mp4
842,85:0,удар по воротам,633020_5.mp4
843,87:0,удар по воротам,633020_5.mp4
844,89:0,удар по воротам,633020_5.mp4
845,91:0,удар по воротам,633020_5.mp4
846,93:0,удар по воротам,633020_5.mp4
847,95:0,удар по воротам,633020_5.mp4
848,97:0,удар по воротам,633020_5.mp4
849,99:0,удар по воротам,633020_5.mp4
850,1:0,удар по воротам,633012_5.mp4
851,3:0,удар по воротам,633012_5.mp4
852,5:0,удар по воротам,633012_5.mp4
853,7:0,удар по воротам,633012_5.mp4
854,9:0,удар по воротам,633012_5.mp4
855,11:0,удар по воротам,633012_5.mp4
856,13:0,удар по воротам,633012_5.mp4
857,15:0,удар по воротам,633012_5.mp4
858,17:0,удар по воротам,633012_5.mp4
859,19:0,удар по воротам,633012_5.mp4
860,21:0,удар по воротам,633012_5.mp4
861,23:0,удар по воротам,633012_5.mp4
862,25:0,удар по воротам,633012_5.mp4
863,27:0,удар по воротам,633012_5.mp4
864,29:0,удар по воротам,633012_5.mp4
865,31:0,удар по воротам,633012_5.mp4
866,33:0,удар по воротам,633012_5.mp4
867,35:0,удар по воротам,633012_5.mp4
868,37:0,удар по воротам,633012_5.mp4
869,39:0,удар по воротам,633012_5.mp4
870,41:0,удар по воротам,633012_5.mp4
871,43:0,удар по воротам,633012_5.mp4
872,45:0,удар по воротам,633012_5.mp4
873,47:0,удар по воротам,633012_5.mp4
874,49:0,удар по воротам,633012_5.mp4
875,51:0,удар по воротам,633012_5.mp4
876,53:0,удар по воротам,633012_5.mp4
877,55:0,удар по воротам,633012_5.mp4
878,57:0,удар по воротам,633012_5.mp4
879,59:0,удар по воротам,633012_5.mp4
880,61:0,удар по воротам,633012_5.mp4
881,63:0,удар по воротам,633012_5.mp4
882,65:0,удар по воротам,633012_5.mp4
883,67:0,удар по воротам,633012_5.mp4
884,69:0,удар по воротам,633012_5.mp4
885,71:0,удар по воротам,633012_5.mp4
886,73:0,удар по воротам,633012_5.mp4
887,75:0,удар по воротам,633012_5.mp4
888,77:0,удар по воротам,633012_5.mp4
889,79:0,удар по воротам,633012_5.mp4
890,81:0,удар по воротам,633012_5.mp4
891,83:0,удар по воротам,633012_5.mp4
892,85:0,удар по воротам,633012_5.mp4
893,87:0,удар по воротам,633012_5.mp4
894,89:0,удар по воротам,633012_5.mp4
895,91:0,удар по воротам,633012_5.mp4
896,93:0,удар по воротам,633012_5.mp4
897,95:0,удар по воротам,633012_5.mp4
898,97:0,удар по воротам,633012_5.mp4
899,99:0,удар по воротам,633012_5.mp4
900,1:0,удар по воротам,632243_5.mp4
901,3:0,удар по воротам,632243_5.mp4
902,5:0,удар по воротам,632243_5.mp4
903,7:0,удар по воротам,632243_5.mp4
904,9:0,удар по воротам,632243_5.mp4
905,11:0,удар по воротам,632243_5.mp4
906,13:0,удар по воротам,632243_5.mp4
907,15:0,удар по воротам,632243_5.mp4
908,17:0,удар по воротам,632243_5.mp4
909,19:0,удар по воротам,632243_5.mp4
910,21:0,удар по воротам,632243_5.mp4
911,23:0,удар по воротам,632243_5.mp4
912,25:0,удар по воротам,632243_5.mp4
913,27:0,удар по воротам,632243_5.mp4
914,29:0,удар по воротам,632243_5.mp4
915,31:0,удар по воротам,632243_5.mp4
916,33:0,удар по воротам,632243_5.mp4
917,35:0,удар по воротам,632243_5.mp4
918,37:0,удар по воротам,632243_5.mp4
919,39:0,удар по воротам,632243_5.mp4
920,41:0,удар по воротам,632243_5.mp4
921,43:0,удар по воротам,632243_5.mp4
922,45:0,удар по воротам,632243_5.mp4
923,47:0,удар по воротам,632243_5.mp4
924,49:0,удар по воротам,632243_5.mp4
925,51:0,удар по воротам,632243_5.mp4
926,53:0,удар по воротам,632243_5.mp4
927,55:0,удар по воротам,632243_5.mp4
928,57:0,удар по воротам,632243_5.mp4
929,59:0,удар по воротам,632243_5.mp4
930,61:0,удар по воротам,632243_5.mp4
931,63:0,удар по воротам,632243_5.mp4
932,65:0,удар по воротам,632243_5.mp4
933,67:0,удар по воротам,632243_5.mp4
934,69:0,удар по воротам,632243_5.mp4
935,71:0,удар по воротам,632243_5.mp4
936,73:0,удар по воротам,632243_5.mp4
937,75:0,удар по воротам,632243_5.mp4
938,77:0,удар по воротам,632243_5.mp4
939,79:0,удар по воротам,632243_5.mp4
940,81:0,удар по воротам,632243_5.mp4
941,83:0,удар по воротам,632243_5.mp4
942,85:0,удар по воротам,632243_5.mp4
943,87:0,удар по воротам,632243_5.mp4
944,89:0,удар по воротам,632243_5.mp4
945,91:0,удар по воротам,632243_5.mp4
946,93:0,удар по воротам,632243_5.mp4
947,95:0,удар по воротам,632243_5.mp4
948,97:0,удар по воротам,632243_5.mp4
949,99:0,удар по воротам,632243_5.mp4
950,1:0,удар по воротам,632255_5.mp4
951,3:0,удар по воротам,632255_5.mp4
952,5:0,удар по воротам,632255_5.mp4
953,7:0,удар по воротам,632255_5.mp4
954,9:0,удар по воротам,632255_5.mp4
955,11:0,удар по воротам,632255_5.mp4
956,13:0,удар по воротам,632255_5.mp4
957,15:0,удар по воротам,632255_5.mp4
958,17:0,удар по воротам,632255_5.mp4
959,19:0,удар по воротам,632255_5.mp4
960,21:0,удар по воротам,632255_5.mp4
961,23:0,удар по воротам,632255_5.mp4
962,25:0,удар по воротам,632255_5.mp4
963,27:0,удар по воротам,632255_5.mp4
964,29:0,удар по воротам,632255_5.mp4
965,31:0,удар по воротам,632255_5.mp4
966,33:0,удар по воротам,632255_5.mp4
967,35:0,удар по воротам,632255_5.mp4
968,37:0,удар по воротам,632255_5.mp4
969,39:0,удар по воротам,632255_5.mp4
970,41:0,удар по воротам,632255_5.mp4
971,43:0,удар по воротам,632255_5.mp4
972,45:0,удар по воротам,632255_5.mp4
973,47:0,удар по воротам,632255_5.mp4
974,49:0,удар по воротам,632255_5.mp4
975,51:0,удар по воротам,632255_5.mp4
976,53:0,удар по воротам,632255_5.mp4
977,55:0,удар по воротам,632255_5.mp4
978,57:0,удар по воротам,632255_5.mp4
979,59:0,удар по воротам,632255_5.mp4
980,61:0,удар по воротам,632255_5.mp4
981,63:0,удар по воротам,632255_5.mp4
982,65:0,удар по воротам,632255_5.mp4
983,67:0,удар по воротам,632255_5.mp4
984,69:0,удар по воротам,632255_5.mp4
985,71:0,удар по воротам,632255_5.mp4
986,73:0,удар по воротам,632255_5.mp4
987,75:0,удар по воротам,632255_5.mp4
988,77:0,удар по воротам,632255_5.mp4
989,79:0,удар по воротам,632255_5.mp4
990,81:0,удар по воротам,632255_5.mp4
991,83:0,удар по воротам,632255_5.mp4
992,85:0,удар по воротам,632255_5.mp4
993,87:0,удар по воротам,632255_5.mp4
994,89:0,удар по воротам,632255_5.mp4
995,91:0,удар по воротам,632255_5.mp4
996,93:0,удар по воротам,632255_5.mp4
997,95:0,удар по воротам,632255_5.mp4
998,97:0,удар по воротам,632255_5.mp4
999,99:0,удар по воротам,632255_5.mp4
1000,1:0,удар по воротам,631762_5.mp4
1001,3:0,удар по воротам,631762_5.mp4
1002,5:0,удар по воротам,631762_5.mp4
1003,7:0,удар по воротам,631762_5.mp4
1004,9:0,удар по воротам,631762_5.mp4
1005,11:0,удар по воротам,631762_5.mp4
1006,13:0,удар по воротам,631762_5.mp4
1007,15:0,удар по воротам,631762_5.mp4
1008,17:0,удар по воротам,631762_5.mp4
1009,19:0,удар по воротам,631762_5.mp4
1010,21:0,удар по воротам,631762_5.mp4
1011,23:0,удар по воротам,631762_5.mp4
1012,25:0,удар по воротам,631762_5.mp4
1013,27:0,удар по воротам,631762_5.mp4
1014,29:0,удар по воротам,631762_5.mp4
1015,31:0,удар по воротам,631762_5.mp4
1016,33:0,удар по воротам,631762_5.mp4
1017,35:0,удар по воротам,631762_5.mp4
1018,37:0,удар по воротам,631762_5.mp4
1019,39:0,удар по воротам,631762_5.mp4
1020,41:0,удар по воротам,631762_5.mp4
1021,43:0,удар по воротам,631762_5.mp4
1022,45:0,удар по воротам,631762_5.mp4
1023,47:0,удар по воротам,631762_5.mp4
1024,49:0,удар по воротам,631762_5.mp4
1025,51:0,удар по воротам,631762_5.mp4
1026,53:0,удар по воротам,631762_5.mp4
1027,55:0,удар по воротам,631762_5.mp4
1028,57:0,удар по воротам,631762_5.mp4
1029,59:0,удар по воротам,631762_5.mp4
1030,61:0,удар по воротам,631762_5.mp4
1031,63:0,удар по воротам,631762_5.mp4
1032,65:0,удар по воротам,631762_5.mp4
1033,67:0,удар по воротам,631762_5.mp4
1034,69:0,удар по воротам,631762_5.mp4
1035,71:0,удар по воротам,631762_5.mp4
1036,73:0,удар по воротам,631762_5.mp4
1037,75:0,удар по воротам,631762_5.mp4
1038,77:0,удар по воротам,631762_5.mp4
1039,79:0,удар по воротам,631762_5.mp4
1040,81:0,удар по воротам,631762_5.mp4
1041,83:0,удар по воротам,631762_5.mp4
1042,85:0,удар по воротам,631762_5.mp4
1043,87:0,удар по воротам,631762_5.mp4
1044,89:0,удар по воротам,631762_5.mp4
1045,91:0,удар по воротам,631762_5.mp4
1046,93:0,удар по воротам,631762_5.mp4
1047,95:0,удар по воротам,631762_5.mp4
1048,97:0,удар по воротам,631762_5.mp4
1049,99:0,удар по воротам,631762_5.mp4
1050,1:0,удар по воротам,631750_5.mp4
1051,3:0,удар по воротам,631750_5.mp4
1052,5:0,удар по воротам,631750_5.mp4
1053,7:0,удар по воротам,631750_5.mp4
1054,9:0,удар по воротам,631750_5.mp4
1055,11:0,удар по воротам,631750_5.mp4
1056,13:0,удар по воротам,631750_5.mp4
1057,15:0,удар по воротам,631750_5.mp4
1058,17:0,удар по воротам,631750_5.mp4
1059,19:0,удар по воротам,631750_5.mp4
1060,21:0,удар по воротам,631750_5.mp4
1061,23:0,удар по воротам,631750_5.mp4
1062,25:0,удар по воротам,631750_5.mp4
1063,27:0,удар по воротам,631750_5.mp4
1064,29:0,удар по воротам,631750_5.mp4
1065,31:0,удар по воротам,631750_5.mp4
1066,33:0,удар по воротам,631750_5.mp4
1067,35:0,удар по воротам,631750_5.mp4
1068,37:0,удар по воротам,631750_5.mp4
1069,39:0,удар по воротам,631750_5.mp4
1070,41:0,удар по воротам,631750_5.mp4
1071,43:0,удар по воротам,631750_5.mp4
1072,45:0,удар по воротам,631750_5.mp4
1073,47:0,удар по воротам,631750_5.mp4
1074,49:0,удар по воротам,631750_5.mp4
1075,51:0,удар по воротам,631750_5.mp4
1076,53:0,удар по воротам,631750_5.mp4
1077,55:0,удар по воротам,631750_5.mp4
1078,57:0,удар по воротам,631750_5.mp4
1079,59:0,удар по воротам,631750_5.mp4
1080,61:0,удар по воротам,631750_5.mp4
1081,63:0,удар по воротам,631750_5.mp4
1082,65:0,удар по воротам,631750_5.mp4
1083,67:0,удар по воротам,631750_5.mp4
1084,69:0,удар по воротам,631750_5.mp4
1085,71:0,удар по воротам,631750_5.mp4
1086,73:0,удар по воротам,631750_5.mp4
1087,75:0,удар по воротам,631750_5.mp4
1088,77:0,удар по воротам,631750_5.mp4
1089,79:0,удар по воротам,631750_5.mp4
1090,81:0,удар по воротам,631750_5.mp4
1091,83:0,удар по воротам,631750_5.mp4
1092,85:0,удар по воротам,631750_5.mp4
1093,87:0,удар по воротам,631750_5.mp4
1094,89:0,удар по воротам,631750_5.mp4
1095,91:0,удар по воротам,631750_5.mp4
1096,93:0,удар по воротам,631750_5.mp4
1097,95:0,удар по воротам,631750_5.mp4
1098,97:0,удар по воротам,631750_5.mp4
1099,99:0,удар по воротам,631750_5.mp4
1100,1:0,удар по воротам,631646_5.mp4
1101,3:0,удар по воротам,631646_5.mp4
1102,5:0,удар по воротам,631646_5.mp4
1103,7:0,удар по воротам,631646_5.mp4
1104,9:0,удар по воротам,631646_5.mp4
1105,11:0,удар по воротам,631646_5.mp4
1106,13:0,удар по воротам,631646_5.mp4
1107,15:0,удар по воротам,631646_5.mp4
1108,17:0,удар по воротам,631646_5.mp4
1109,19:0,удар по воротам,631646_5.mp4
1110,21:0,удар по воротам,631646_5.mp4
1111,23:0,удар по воротам,631646_5.mp4
1112,25:0,удар по воротам,631646_5.mp4
1113,27:0,удар по воротам,631646_5.mp4
1114,29:0,удар по воротам,631646_5.mp4
1115,31:0,удар по воротам,631646_5.mp4
1116,33:0,удар по воротам,631646_5.mp4
1117,35:0,удар по воротам,631646_5.mp4
1118,37:0,удар по воротам,631646_5.mp4
1119,39:0,удар по воротам,631646_5.mp4
1120,41:0,удар по воротам,631646_5.mp4
1121,43:0,удар по воротам,631646_5.mp4
1122,45:0,удар по воротам,631646_5.mp4
1123,47:0,удар по воротам,631646_5.mp4
1124,49:0,удар по воротам,631646_5.mp4
1125,51:0,удар по воротам,631646_5.mp4
1126,53:0,удар по воротам,631646_5.mp4
1127,55:0,удар по воротам,631646_5.mp4
1128,57:0,удар по воротам,631646_5.mp4
1129,59:0,удар по воротам,631646_5.mp4
1130,61:0,удар по воротам,631646_5.mp4
1131,63:0,удар по воротам,631646_5.mp4
1132,65:0,удар по воротам,631646_5.mp4
1133,67:0,удар по воротам,631646_5.mp4
1134,69:0,удар по воротам,631646_5.mp4
1135,71:0,удар по воротам,631646_5.mp4
1136,73:0,удар по воротам,631646_5.mp4
1137,75:0,удар по воротам,631646_5.mp4
1138,77:0,удар по воротам,631646_5.mp4
1139,79:0,удар по воротам,631646_5.mp4
1140,81:0,удар по воротам,631646_5.mp4
1141,83:0,удар по воротам,631646_5.mp4
1142,85:0,удар по воротам,631646_5.mp4
1143,87:0,удар по воротам,631646_5.mp4
1144,89:0,удар по воротам,631646_5.mp4
1145,91:0,удар по воротам,631646_5.mp4
1146,93:0,удар по воротам,631646_5.mp4
1147,95:0,удар по воротам,631646_5.mp4
1148,97:0,удар по воротам,631646_5.mp4
1149,99:0,удар по воротам,631646_5.mp4
1150,1:0,удар по воротам,631638_5.mp4
1151,3:0,удар по воротам,631638_5.mp4
1152,5:0,удар по воротам,631638_5.mp4
1153,7:0,удар по воротам,631638_5.mp4
1154,9:0,удар по воротам,631638_5.mp4
1155,11:0,удар по воротам,631638_5.mp4
1156,13:0,удар по воротам,631638_5.mp4
1157,15:0,удар по воротам,631638_5.mp4
1158,17:0,удар по воротам,631638_5.mp4
1159,19:0,удар по воротам,631638_5.mp4
1160,21:0,удар по воротам,631638_5.mp4
1161,23:0,удар по воротам,631638_5.mp4
1162,25:0,удар по воротам,631638_5.mp4
1163,27:0,удар по воротам,631638_5.mp4
1164,29:0,удар по воротам,631638_5.mp4
1165,31:0,удар по воротам,631638_5.mp4
1166,33:0,удар по воротам,631638_5.mp4
1167,35:0,удар по воротам,631638_5.mp4
1168,37:0,удар по воротам,631638_5.mp4
1169,39:0,удар по воротам,631638_5.mp4
1170,41:0,удар по воротам,631638_5.mp4
1171,43:0,удар по воротам,631638_5.mp4
1172,45:0,удар по воротам,631638_5.mp4
1173,47:0,удар по воротам,631638_5.mp4
1174,49:0,удар по воротам,631638_5.mp4
1175,51:0,удар по воротам,631638_5.mp4
1176,53:0,удар по воротам,631638_5.mp4
1177,55:0,удар по воротам,631638_5.mp4
1178,57:0,удар по воротам,631638_5.mp4
1179,59:0,удар по воротам,631638_5.mp4
1180,61:0,удар по воротам,631638_5.mp4
1181,63:0,удар по воротам,631638_5.mp4
1182,65:0,удар по воротам,631638_5.mp4
1183,67:0,удар по воротам,631638_5.mp4
1184,69:0,удар по воротам,631638_5.mp4
1185,71:0,удар по воротам,631638_5.mp4
1186,73:0,удар по воротам,631638_5.mp4
1187,75:0,удар по воротам,631638_5.mp4
1188,77:0,удар по воротам,631638_5.mp4
1189,79:0,удар по воротам,631638_5.mp4
1190,81:0,удар по воротам,631638_5.mp4
1191,83:0,удар по воротам,631638_5.mp4
1192,85:0,удар по воротам,631638_5.mp4
1193,87:0,удар по воротам,631638_5.mp4
1194,89:0,удар по воротам,631638_5.mp4
1195,91:0,удар по воротам,631638_5.mp4
1196,93:0,удар по воротам,631638_5.mp4
1197,95:0,удар по воротам,631638_5.mp4
1198,97:0,удар по воротам,631638_5.mp4
1199,99:0,удар по воротам,631638_5.mp4
