,file_name,event_type,event_time
0,645001_5.mp4,желтая карточка,07:46
1,645001_5.mp4,гол,11:34
2,645001_5.mp4,желтая карточка,39:57
3,645001_5.mp4,замена,45:33
4,645001_5.mp4,желтая карточка,54:00
5,645001_5.mp4,замена,56:59
6,645001_5.mp4,желтая карточка,59:58
7,645001_5.mp4,замена,65:07
8,645001_5.mp4,желтая карточка,68:04
9,645001_5.mp4,гол,69:01
10,645001_5.mp4,желтая карточка,70:43
11,645001_5.mp4,желтая карточка,72:22
12,645001_5.mp4,замена,73:59
13,645001_5.mp4,гол,76:24
14,645001_5.mp4,гол,82:41
15,645001_5.mp4,замена,85:14
16,645001_5.mp4,замена,86:30
17,645066_5.mp4,гол,09:47
18,645066_5.mp4,замена,12:43
19,645066_5.mp4,замена,19:36
20,645066_5.mp4,замена,25:16
21,645066_5.mp4,замена,29:26
22,645066_5.mp4,замена,31:56
23,645066_5.mp4,желтая карточка,36:48
24,645066_5.mp4,желтая карточка,45:34
25,645066_5.mp4,замена,51:22
26,645066_5.mp4,замена,56:18
27,645066_5.mp4,замена,61:06
28,645066_5.mp4,замена,65:01
29,645066_5.mp4,гол,66:54
30,645066_5.mp4,желтая карточка,70:22
31,645066_5.mp4,желтая карточка,72:10
32,645066_5.mp4,замена,75:38
33,645066_5.mp4,гол,77:01
34,645066_5.mp4,замена,78:32
35,645066_5.mp4,гол,82:06
36,645066_5.mp4,замена,85:52
37,645066_5.mp4,замена,90:33
38,645066_5.mp4,замена,94:01
39,645098_5.mp4,желтая карточка,46:13
40,645098_5.mp4,желтая карточка,54:50
41,645098_5.mp4,замена,64:06
42,645098_5.mp4,желтая карточка,72:06
43,645098_5.mp4,замена,75:21
44,645098_5.mp4,желтая карточка,84:28
45,645098_5.mp4,гол,87:55
46,645195_5.mp4,замена,45:29
47,645195_5.mp4,замена,45:53
48,645195_5.mp4,замена,64:27
49,645195_5.mp4,замена,77:18
50,645195_5.mp4,замена,78:09
51,645195_5.mp4,гол,83:14
52,645195_5.mp4,гол,93:27
53,645286_5.mp4,гол,36:37
54,645286_5.mp4,замена,65:00
55,645286_5.mp4,замена,71:25
56,645286_5.mp4,желтая карточка,72:45
57,645286_5.mp4,желтая карточка,76:06
58,645286_5.mp4,желтая карточка,79:18
59,645286_5.mp4,замена,80:13
60,645286_5.mp4,замена,81:24
61,645286_5.mp4,замена,85:31
62,645286_5.mp4,замена,89:03
63,645310_5.mp4,гол,05:29
64,645310_5.mp4,гол,11:13
65,645310_5.mp4,гол,15:32
66,645310_5.mp4,желтая карточка,42:31
67,645310_5.mp4,замена,57:54
68,645310_5.mp4,замена,58:46
69,645310_5.mp4,желтая карточка,73:43
70,645310_5.mp4,гол,77:42
71,645310_5.mp4,желтая карточка,84:52
72,645310_5.mp4,желтая карточка,87:47
73,645310_5.mp4,гол,88:40
74,646186_5.mp4,гол,30:32
75,646186_5.mp4,гол,34:42
76,646186_5.mp4,замена,45:39
77,646186_5.mp4,замена,53:49
78,646186_5.mp4,желтая карточка,56:32
79,646186_5.mp4,желтая карточка,56:46
80,646186_5.mp4,гол,57:27
81,646186_5.mp4,желтая карточка,59:45
82,646186_5.mp4,замена,65:35
83,646186_5.mp4,замена,66:02
84,646186_5.mp4,замена,76:27
85,646186_5.mp4,замена,82:18
86,646186_5.mp4,гол,82:50
87,648559_5.mp4,замена,19:33
88,648559_5.mp4,желтая карточка,49:37
89,648559_5.mp4,желтая карточка,58:24
90,648559_5.mp4,гол,63:05
91,648559_5.mp4,желтая карточка,70:21
92,648559_5.mp4,гол,83:20
93,648559_5.mp4,гол,94:00
94,645001_5.mp4,удар по воротам,01:00
95,645001_5.mp4,удар по воротам,03:00
96,645001_5.mp4,удар по воротам,05:00
97,645001_5.mp4,удар по воротам,07:00
98,645001_5.mp4,удар по воротам,09:00
99,645001_5.mp4,удар по воротам,11:00
100,645001_5.mp4,удар по воротам,13:00
101,645001_5.mp4,удар по воротам,15:00
102,645001_5.mp4,удар по воротам,17:00
103,645001_5.mp4,удар по воротам,19:00
104,645001_5.mp4,удар по воротам,21:00
105,645001_5.mp4,удар по воротам,23:00
106,645001_5.mp4,удар по воротам,25:00
107,645001_5.mp4,удар по воротам,27:00
108,645001_5.mp4,удар по воротам,29:00
109,645001_5.mp4,удар по воротам,31:00
110,645001_5.mp4,удар по воротам,33:00
111,645001_5.mp4,удар по воротам,35:00
112,645001_5.mp4,удар по воротам,37:00
113,645001_5.mp4,удар по воротам,39:00
114,645001_5.mp4,удар по воротам,41:00
115,645001_5.mp4,удар по воротам,43:00
116,645001_5.mp4,удар по воротам,45:00
117,645001_5.mp4,удар по воротам,47:00
118,645001_5.mp4,удар по воротам,49:00
119,645001_5.mp4,удар по воротам,51:00
120,645001_5.mp4,удар по воротам,53:00
121,645001_5.mp4,удар по воротам,55:00
122,645001_5.mp4,удар по воротам,57:00
123,645001_5.mp4,удар по воротам,59:00
124,645001_5.mp4,удар по воротам,61:00
125,645001_5.mp4,удар по воротам,63:00
126,645001_5.mp4,удар по воротам,65:00
127,645001_5.mp4,удар по воротам,67:00
128,645001_5.mp4,удар по воротам,69:00
129,645001_5.mp4,удар по воротам,71:00
130,645001_5.mp4,удар по воротам,73:00
131,645001_5.mp4,удар по воротам,75:00
132,645001_5.mp4,удар по воротам,77:00
133,645001_5.mp4,удар по воротам,79:00
134,645001_5.mp4,удар по воротам,81:00
135,645001_5.mp4,удар по воротам,83:00
136,645001_5.mp4,удар по воротам,85:00
137,645001_5.mp4,удар по воротам,87:00
138,645001_5.mp4,удар по воротам,89:00
139,645001_5.mp4,удар по воротам,91:00
140,645001_5.mp4,удар по воротам,93:00
141,645001_5.mp4,удар по воротам,95:00
142,645001_5.mp4,удар по воротам,97:00
143,645001_5.mp4,удар по воротам,99:00
144,645066_5.mp4,удар по воротам,01:00
145,645066_5.mp4,удар по воротам,03:00
146,645066_5.mp4,удар по воротам,05:00
147,645066_5.mp4,удар по воротам,07:00
148,645066_5.mp4,удар по воротам,09:00
149,645066_5.mp4,удар по воротам,11:00
150,645066_5.mp4,удар по воротам,13:00
151,645066_5.mp4,удар по воротам,15:00
152,645066_5.mp4,удар по воротам,17:00
153,645066_5.mp4,удар по воротам,19:00
154,645066_5.mp4,удар по воротам,21:00
155,645066_5.mp4,удар по воротам,23:00
156,645066_5.mp4,удар по воротам,25:00
157,645066_5.mp4,удар по воротам,27:00
158,645066_5.mp4,удар по воротам,29:00
159,645066_5.mp4,удар по воротам,31:00
160,645066_5.mp4,удар по воротам,33:00
161,645066_5.mp4,удар по воротам,35:00
162,645066_5.mp4,удар по воротам,37:00
163,645066_5.mp4,удар по воротам,39:00
164,645066_5.mp4,удар по воротам,41:00
165,645066_5.mp4,удар по воротам,43:00
166,645066_5.mp4,удар по воротам,45:00
167,645066_5.mp4,удар по воротам,47:00
168,645066_5.mp4,удар по воротам,49:00
169,645066_5.mp4,удар по воротам,51:00
170,645066_5.mp4,удар по воротам,53:00
171,645066_5.mp4,удар по воротам,55:00
172,645066_5.mp4,удар по воротам,57:00
173,645066_5.mp4,удар по воротам,59:00
174,645066_5.mp4,удар по воротам,61:00
175,645066_5.mp4,удар по воротам,63:00
176,645066_5.mp4,удар по воротам,65:00
177,645066_5.mp4,удар по воротам,67:00
178,645066_5.mp4,удар по воротам,69:00
179,645066_5.mp4,удар по воротам,71:00
180,645066_5.mp4,удар по воротам,73:00
181,645066_5.mp4,удар по воротам,75:00
182,645066_5.mp4,удар по воротам,77:00
183,645066_5.mp4,удар по воротам,79:00
184,645066_5.mp4,удар по воротам,81:00
185,645066_5.mp4,удар по воротам,83:00
186,645066_5.mp4,удар по воротам,85:00
187,645066_5.mp4,удар по воротам,87:00
188,645066_5.mp4,удар по воротам,89:00
189,645066_5.mp4,удар по воротам,91:00
190,645066_5.mp4,удар по воротам,93:00
191,645066_5.mp4,удар по воротам,95:00
192,645066_5.mp4,удар по воротам,97:00
193,645066_5.mp4,удар по воротам,99:00
194,645098_5.mp4,удар по воротам,01:00
195,645098_5.mp4,удар по воротам,03:00
196,645098_5.mp4,удар по воротам,05:00
197,645098_5.mp4,удар по воротам,07:00
198,645098_5.mp4,удар по воротам,09:00
199,645098_5.mp4,удар по воротам,11:00
200,645098_5.mp4,удар по воротам,13:00
201,645098_5.mp4,удар по воротам,15:00
202,645098_5.mp4,удар по воротам,17:00
203,645098_5.mp4,удар по воротам,19:00
204,645098_5.mp4,удар по воротам,21:00
205,645098_5.mp4,удар по воротам,23:00
206,645098_5.mp4,удар по воротам,25:00
207,645098_5.mp4,удар по воротам,27:00
208,645098_5.mp4,удар по воротам,29:00
209,645098_5.mp4,удар по воротам,31:00
210,645098_5.mp4,удар по воротам,33:00
211,645098_5.mp4,удар по воротам,35:00
212,645098_5.mp4,удар по воротам,37:00
213,645098_5.mp4,удар по воротам,39:00
214,645098_5.mp4,удар по воротам,41:00
215,645098_5.mp4,удар по воротам,43:00
216,645098_5.mp4,удар по воротам,45:00
217,645098_5.mp4,удар по воротам,47:00
218,645098_5.mp4,удар по воротам,49:00
219,645098_5.mp4,удар по воротам,51:00
220,645098_5.mp4,удар по воротам,53:00
221,645098_5.mp4,удар по воротам,55:00
222,645098_5.mp4,удар по воротам,57:00
223,645098_5.mp4,удар по воротам,59:00
224,645098_5.mp4,удар по воротам,61:00
225,645098_5.mp4,удар по воротам,63:00
226,645098_5.mp4,удар по воротам,65:00
227,645098_5.mp4,удар по воротам,67:00
228,645098_5.mp4,удар по воротам,69:00
229,645098_5.mp4,удар по воротам,71:00
230,645098_5.mp4,удар по воротам,73:00
231,645098_5.mp4,удар по воротам,75:00
232,645098_5.mp4,удар по воротам,77:00
233,645098_5.mp4,удар по воротам,79:00
234,645098_5.mp4,удар по воротам,81:00
235,645098_5.mp4,удар по воротам,83:00
236,645098_5.mp4,удар по воротам,85:00
237,645098_5.mp4,удар по воротам,87:00
238,645098_5.mp4,удар по воротам,89:00
239,645098_5.mp4,удар по воротам,91:00
240,645098_5.mp4,удар по воротам,93:00
241,645098_5.mp4,удар по воротам,95:00
242,645098_5.mp4,удар по воротам,97:00
243,645098_5.mp4,удар по воротам,99:00
244,645195_5.mp4,удар по воротам,01:00
245,645195_5.mp4,удар по воротам,03:00
246,645195_5.mp4,удар по воротам,05:00
247,645195_5.mp4,удар по воротам,07:00
248,645195_5.mp4,удар по воротам,09:00
249,645195_5.mp4,удар по воротам,11:00
250,645195_5.mp4,удар по воротам,13:00
251,645195_5.mp4,удар по воротам,15:00
252,645195_5.mp4,удар по воротам,17:00
253,645195_5.mp4,удар по воротам,19:00
254,645195_5.mp4,удар по воротам,21:00
255,645195_5.mp4,удар по воротам,23:00
256,645195_5.mp4,удар по воротам,25:00
257,645195_5.mp4,удар по воротам,27:00
258,645195_5.mp4,удар по воротам,29:00
259,645195_5.mp4,удар по воротам,31:00
260,645195_5.mp4,удар по воротам,33:00
261,645195_5.mp4,удар по воротам,35:00
262,645195_5.mp4,удар по воротам,37:00
263,645195_5.mp4,удар по воротам,39:00
264,645195_5.mp4,удар по воротам,41:00
265,645195_5.mp4,удар по воротам,43:00
266,645195_5.mp4,удар по воротам,45:00
267,645195_5.mp4,удар по воротам,47:00
268,645195_5.mp4,удар по воротам,49:00
269,645195_5.mp4,удар по воротам,51:00
270,645195_5.mp4,удар по воротам,53:00
271,645195_5.mp4,удар по воротам,55:00
272,645195_5.mp4,удар по воротам,57:00
273,645195_5.mp4,удар по воротам,59:00
274,645195_5.mp4,удар по воротам,61:00
275,645195_5.mp4,удар по воротам,63:00
276,645195_5.mp4,удар по воротам,65:00
277,645195_5.mp4,удар по воротам,67:00
278,645195_5.mp4,удар по воротам,69:00
279,645195_5.mp4,удар по воротам,71:00
280,645195_5.mp4,удар по воротам,73:00
281,645195_5.mp4,удар по воротам,75:00
282,645195_5.mp4,удар по воротам,77:00
283,645195_5.mp4,удар по воротам,79:00
284,645195_5.mp4,удар по воротам,81:00
285,645195_5.mp4,удар по воротам,83:00
286,645195_5.mp4,удар по воротам,85:00
287,645195_5.mp4,удар по воротам,87:00
288,645195_5.mp4,удар по воротам,89:00
289,645195_5.mp4,удар по воротам,91:00
290,645195_5.mp4,удар по воротам,93:00
291,645195_5.mp4,удар по воротам,95:00
292,645195_5.mp4,удар по воротам,97:00
293,645195_5.mp4,удар по воротам,99:00
294,645286_5.mp4,удар по воротам,01:00
295,645286_5.mp4,удар по воротам,03:00
296,645286_5.mp4,удар по воротам,05:00
297,645286_5.mp4,удар по воротам,07:00
298,645286_5.mp4,удар по воротам,09:00
299,645286_5.mp4,удар по воротам,11:00
300,645286_5.mp4,удар по воротам,13:00
301,645286_5.mp4,удар по воротам,15:00
302,645286_5.mp4,удар по воротам,17:00
303,645286_5.mp4,удар по воротам,19:00
304,645286_5.mp4,удар по воротам,21:00
305,645286_5.mp4,удар по воротам,23:00
306,645286_5.mp4,удар по воротам,25:00
307,645286_5.mp4,удар по воротам,27:00
308,645286_5.mp4,удар по воротам,29:00
309,645286_5.mp4,удар по воротам,31:00
310,645286_5.mp4,удар по воротам,33:00
311,645286_5.mp4,удар по воротам,35:00
312,645286_5.mp4,удар по воротам,37:00
313,645286_5.mp4,удар по воротам,39:00
314,645286_5.mp4,удар по воротам,41:00
315,645286_5.mp4,удар по воротам,43:00
316,645286_5.mp4,удар по воротам,45:00
317,645286_5.mp4,удар по воротам,47:00
318,645286_5.mp4,удар по воротам,49:00
319,645286_5.mp4,удар по воротам,51:00
320,645286_5.mp4,удар по воротам,53:00
321,645286_5.mp4,удар по воротам,55:00
322,645286_5.mp4,удар по воротам,57:00
323,645286_5.mp4,удар по воротам,59:00
324,645286_5.mp4,удар по воротам,61:00
325,645286_5.mp4,удар по воротам,63:00
326,645286_5.mp4,удар по воротам,65:00
327,645286_5.mp4,удар по воротам,67:00
328,645286_5.mp4,удар по воротам,69:00
329,645286_5.mp4,удар по воротам,71:00
330,645286_5.mp4,удар по воротам,73:00
331,645286_5.mp4,удар по воротам,75:00
332,645286_5.mp4,удар по воротам,77:00
333,645286_5.mp4,удар по воротам,79:00
334,645286_5.mp4,удар по воротам,81:00
335,645286_5.mp4,удар по воротам,83:00
336,645286_5.mp4,удар по воротам,85:00
337,645286_5.mp4,удар по воротам,87:00
338,645286_5.mp4,удар по воротам,89:00
339,645286_5.mp4,удар по воротам,91:00
340,645286_5.mp4,удар по воротам,93:00
341,645286_5.mp4,удар по воротам,95:00
342,645286_5.mp4,удар по воротам,97:00
343,645286_5.mp4,удар по воротам,99:00
344,645310_5.mp4,удар по воротам,01:00
345,645310_5.mp4,удар по воротам,03:00
346,645310_5.mp4,удар по воротам,05:00
347,645310_5.mp4,удар по воротам,07:00
348,645310_5.mp4,удар по воротам,09:00
349,645310_5.mp4,удар по воротам,11:00
350,645310_5.mp4,удар по воротам,13:00
351,645310_5.mp4,удар по воротам,15:00
352,645310_5.mp4,удар по воротам,17:00
353,645310_5.mp4,удар по воротам,19:00
354,645310_5.mp4,удар по воротам,21:00
355,645310_5.mp4,удар по воротам,23:00
356,645310_5.mp4,удар по воротам,25:00
357,645310_5.mp4,удар по воротам,27:00
358,645310_5.mp4,удар по воротам,29:00
359,645310_5.mp4,удар по воротам,31:00
360,645310_5.mp4,удар по воротам,33:00
361,645310_5.mp4,удар по воротам,35:00
362,645310_5.mp4,удар по воротам,37:00
363,645310_5.mp4,удар по воротам,39:00
364,645310_5.mp4,удар по воротам,41:00
365,645310_5.mp4,удар по воротам,43:00
366,645310_5.mp4,удар по воротам,45:00
367,645310_5.mp4,удар по воротам,47:00
368,645310_5.mp4,удар по воротам,49:00
369,645310_5.mp4,удар по воротам,51:00
370,645310_5.mp4,удар по воротам,53:00
371,645310_5.mp4,удар по воротам,55:00
372,645310_5.mp4,удар по воротам,57:00
373,645310_5.mp4,удар по воротам,59:00
374,645310_5.mp4,удар по воротам,61:00
375,645310_5.mp4,удар по воротам,63:00
376,645310_5.mp4,удар по воротам,65:00
377,645310_5.mp4,удар по воротам,67:00
378,645310_5.mp4,удар по воротам,69:00
379,645310_5.mp4,удар по воротам,71:00
380,645310_5.mp4,удар по воротам,73:00
381,645310_5.mp4,удар по воротам,75:00
382,645310_5.mp4,удар по воротам,77:00
383,645310_5.mp4,удар по воротам,79:00
384,645310_5.mp4,удар по воротам,81:00
385,645310_5.mp4,удар по воротам,83:00
386,645310_5.mp4,удар по воротам,85:00
387,645310_5.mp4,удар по воротам,87:00
388,645310_5.mp4,удар по воротам,89:00
389,645310_5.mp4,удар по воротам,91:00
390,645310_5.mp4,удар по воротам,93:00
391,645310_5.mp4,удар по воротам,95:00
392,645310_5.mp4,удар по воротам,97:00
393,645310_5.mp4,удар по воротам,99:00
394,646186_5.mp4,удар по воротам,01:00
395,646186_5.mp4,удар по воротам,03:00
396,646186_5.mp4,удар по воротам,05:00
397,646186_5.mp4,удар по воротам,07:00
398,646186_5.mp4,удар по воротам,09:00
399,646186_5.mp4,удар по воротам,11:00
400,646186_5.mp4,удар по воротам,13:00
401,646186_5.mp4,удар по воротам,15:00
402,646186_5.mp4,удар по воротам,17:00
403,646186_5.mp4,удар по воротам,19:00
404,646186_5.mp4,удар по воротам,21:00
405,646186_5.mp4,удар по воротам,23:00
406,646186_5.mp4,удар по воротам,25:00
407,646186_5.mp4,удар по воротам,27:00
408,646186_5.mp4,удар по воротам,29:00
409,646186_5.mp4,удар по воротам,31:00
410,646186_5.mp4,удар по воротам,33:00
411,646186_5.mp4,удар по воротам,35:00
412,646186_5.mp4,удар по воротам,37:00
413,646186_5.mp4,удар по воротам,39:00
414,646186_5.mp4,удар по воротам,41:00
415,646186_5.mp4,удар по воротам,43:00
416,646186_5.mp4,удар по воротам,45:00
417,646186_5.mp4,удар по воротам,47:00
418,646186_5.mp4,удар по воротам,49:00
419,646186_5.mp4,удар по воротам,51:00
420,646186_5.mp4,удар по воротам,53:00
421,646186_5.mp4,удар по воротам,55:00
422,646186_5.mp4,удар по воротам,57:00
423,646186_5.mp4,удар по воротам,59:00
424,646186_5.mp4,удар по воротам,61:00
425,646186_5.mp4,удар по воротам,63:00
426,646186_5.mp4,удар по воротам,65:00
427,646186_5.mp4,удар по воротам,67:00
428,646186_5.mp4,удар по воротам,69:00
429,646186_5.mp4,удар по воротам,71:00
430,646186_5.mp4,удар по воротам,73:00
431,646186_5.mp4,удар по воротам,75:00
432,646186_5.mp4,удар по воротам,77:00
433,646186_5.mp4,удар по воротам,79:00
434,646186_5.mp4,удар по воротам,81:00
435,646186_5.mp4,удар по воротам,83:00
436,646186_5.mp4,удар по воротам,85:00
437,646186_5.mp4,удар по воротам,87:00
438,646186_5.mp4,удар по воротам,89:00
439,646186_5.mp4,удар по воротам,91:00
440,646186_5.mp4,удар по воротам,93:00
441,646186_5.mp4,удар по воротам,95:00
442,646186_5.mp4,удар по воротам,97:00
443,646186_5.mp4,удар по воротам,99:00
444,648559_5.mp4,удар по воротам,01:00
445,648559_5.mp4,удар по воротам,03:00
446,648559_5.mp4,удар по воротам,05:00
447,648559_5.mp4,удар по воротам,07:00
448,648559_5.mp4,удар по воротам,09:00
449,648559_5.mp4,удар по воротам,11:00
450,648559_5.mp4,удар по воротам,13:00
451,648559_5.mp4,удар по воротам,15:00
452,648559_5.mp4,удар по воротам,17:00
453,648559_5.mp4,удар по воротам,19:00
454,648559_5.mp4,удар по воротам,21:00
455,648559_5.mp4,удар по воротам,23:00
456,648559_5.mp4,удар по воротам,25:00
457,648559_5.mp4,удар по воротам,27:00
458,648559_5.mp4,удар по воротам,29:00
459,648559_5.mp4,удар по воротам,31:00
460,648559_5.mp4,удар по воротам,33:00
461,648559_5.mp4,удар по воротам,35:00
462,648559_5.mp4,удар по воротам,37:00
463,648559_5.mp4,удар по воротам,39:00
464,648559_5.mp4,удар по воротам,41:00
465,648559_5.mp4,удар по воротам,43:00
466,648559_5.mp4,удар по воротам,45:00
467,648559_5.mp4,удар по воротам,47:00
468,648559_5.mp4,удар по воротам,49:00
469,648559_5.mp4,удар по воротам,51:00
470,648559_5.mp4,удар по воротам,53:00
471,648559_5.mp4,удар по воротам,55:00
472,648559_5.mp4,удар по воротам,57:00
473,648559_5.mp4,удар по воротам,59:00
474,648559_5.mp4,удар по воротам,61:00
475,648559_5.mp4,удар по воротам,63:00
476,648559_5.mp4,удар по воротам,65:00
477,648559_5.mp4,удар по воротам,67:00
478,648559_5.mp4,удар по воротам,69:00
479,648559_5.mp4,удар по воротам,71:00
480,648559_5.mp4,удар по воротам,73:00
481,648559_5.mp4,удар по воротам,75:00
482,648559_5.mp4,удар по воротам,77:00
483,648559_5.mp4,удар по воротам,79:00
484,648559_5.mp4,удар по воротам,81:00
485,648559_5.mp4,удар по воротам,83:00
486,648559_5.mp4,удар по воротам,85:00
487,648559_5.mp4,удар по воротам,87:00
488,648559_5.mp4,удар по воротам,89:00
489,648559_5.mp4,удар по воротам,91:00
490,648559_5.mp4,удар по воротам,93:00
491,648559_5.mp4,удар по воротам,95:00
492,648559_5.mp4,удар по воротам,97:00
493,648559_5.mp4,удар по воротам,99:00
494,645001_5.mp4,угловой,01:00
495,645001_5.mp4,угловой,03:00
496,645001_5.mp4,угловой,05:00
497,645001_5.mp4,угловой,07:00
498,645001_5.mp4,угловой,09:00
499,645001_5.mp4,угловой,11:00
500,645001_5.mp4,угловой,13:00
501,645001_5.mp4,угловой,15:00
502,645001_5.mp4,угловой,17:00
503,645001_5.mp4,угловой,19:00
504,645001_5.mp4,угловой,21:00
505,645001_5.mp4,угловой,23:00
506,645001_5.mp4,угловой,25:00
507,645001_5.mp4,угловой,27:00
508,645001_5.mp4,угловой,29:00
509,645001_5.mp4,угловой,31:00
510,645001_5.mp4,угловой,33:00
511,645001_5.mp4,угловой,35:00
512,645001_5.mp4,угловой,37:00
513,645001_5.mp4,угловой,39:00
514,645001_5.mp4,угловой,41:00
515,645001_5.mp4,угловой,43:00
516,645001_5.mp4,угловой,45:00
517,645001_5.mp4,угловой,47:00
518,645001_5.mp4,угловой,49:00
519,645001_5.mp4,угловой,51:00
520,645001_5.mp4,угловой,53:00
521,645001_5.mp4,угловой,55:00
522,645001_5.mp4,угловой,57:00
523,645001_5.mp4,угловой,59:00
524,645001_5.mp4,угловой,61:00
525,645001_5.mp4,угловой,63:00
526,645001_5.mp4,угловой,65:00
527,645001_5.mp4,угловой,67:00
528,645001_5.mp4,угловой,69:00
529,645001_5.mp4,угловой,71:00
530,645001_5.mp4,угловой,73:00
531,645001_5.mp4,угловой,75:00
532,645001_5.mp4,угловой,77:00
533,645001_5.mp4,угловой,79:00
534,645001_5.mp4,угловой,81:00
535,645001_5.mp4,угловой,83:00
536,645001_5.mp4,угловой,85:00
537,645001_5.mp4,угловой,87:00
538,645001_5.mp4,угловой,89:00
539,645001_5.mp4,угловой,91:00
540,645001_5.mp4,угловой,93:00
541,645001_5.mp4,угловой,95:00
542,645001_5.mp4,угловой,97:00
543,645001_5.mp4,угловой,99:00
544,645066_5.mp4,угловой,01:00
545,645066_5.mp4,угловой,03:00
546,645066_5.mp4,угловой,05:00
547,645066_5.mp4,угловой,07:00
548,645066_5.mp4,угловой,09:00
549,645066_5.mp4,угловой,11:00
550,645066_5.mp4,угловой,13:00
551,645066_5.mp4,угловой,15:00
552,645066_5.mp4,угловой,17:00
553,645066_5.mp4,угловой,19:00
554,645066_5.mp4,угловой,21:00
555,645066_5.mp4,угловой,23:00
556,645066_5.mp4,угловой,25:00
557,645066_5.mp4,угловой,27:00
558,645066_5.mp4,угловой,29:00
559,645066_5.mp4,угловой,31:00
560,645066_5.mp4,угловой,33:00
561,645066_5.mp4,угловой,35:00
562,645066_5.mp4,угловой,37:00
563,645066_5.mp4,угловой,39:00
564,645066_5.mp4,угловой,41:00
565,645066_5.mp4,угловой,43:00
566,645066_5.mp4,угловой,45:00
567,645066_5.mp4,угловой,47:00
568,645066_5.mp4,угловой,49:00
569,645066_5.mp4,угловой,51:00
570,645066_5.mp4,угловой,53:00
571,645066_5.mp4,угловой,55:00
572,645066_5.mp4,угловой,57:00
573,645066_5.mp4,угловой,59:00
574,645066_5.mp4,угловой,61:00
575,645066_5.mp4,угловой,63:00
576,645066_5.mp4,угловой,65:00
577,645066_5.mp4,угловой,67:00
578,645066_5.mp4,угловой,69:00
579,645066_5.mp4,угловой,71:00
580,645066_5.mp4,угловой,73:00
581,645066_5.mp4,угловой,75:00
582,645066_5.mp4,угловой,77:00
583,645066_5.mp4,угловой,79:00
584,645066_5.mp4,угловой,81:00
585,645066_5.mp4,угловой,83:00
586,645066_5.mp4,угловой,85:00
587,645066_5.mp4,угловой,87:00
588,645066_5.mp4,угловой,89:00
589,645066_5.mp4,угловой,91:00
590,645066_5.mp4,угловой,93:00
591,645066_5.mp4,угловой,95:00
592,645066_5.mp4,угловой,97:00
593,645066_5.mp4,угловой,99:00
594,645098_5.mp4,угловой,01:00
595,645098_5.mp4,угловой,03:00
596,645098_5.mp4,угловой,05:00
597,645098_5.mp4,угловой,07:00
598,645098_5.mp4,угловой,09:00
599,645098_5.mp4,угловой,11:00
600,645098_5.mp4,угловой,13:00
601,645098_5.mp4,угловой,15:00
602,645098_5.mp4,угловой,17:00
603,645098_5.mp4,угловой,19:00
604,645098_5.mp4,угловой,21:00
605,645098_5.mp4,угловой,23:00
606,645098_5.mp4,угловой,25:00
607,645098_5.mp4,угловой,27:00
608,645098_5.mp4,угловой,29:00
609,645098_5.mp4,угловой,31:00
610,645098_5.mp4,угловой,33:00
611,645098_5.mp4,угловой,35:00
612,645098_5.mp4,угловой,37:00
613,645098_5.mp4,угловой,39:00
614,645098_5.mp4,угловой,41:00
615,645098_5.mp4,угловой,43:00
616,645098_5.mp4,угловой,45:00
617,645098_5.mp4,угловой,47:00
618,645098_5.mp4,угловой,49:00
619,645098_5.mp4,угловой,51:00
620,645098_5.mp4,угловой,53:00
621,645098_5.mp4,угловой,55:00
622,645098_5.mp4,угловой,57:00
623,645098_5.mp4,угловой,59:00
624,645098_5.mp4,угловой,61:00
625,645098_5.mp4,угловой,63:00
626,645098_5.mp4,угловой,65:00
627,645098_5.mp4,угловой,67:00
628,645098_5.mp4,угловой,69:00
629,645098_5.mp4,угловой,71:00
630,645098_5.mp4,угловой,73:00
631,645098_5.mp4,угловой,75:00
632,645098_5.mp4,угловой,77:00
633,645098_5.mp4,угловой,79:00
634,645098_5.mp4,угловой,81:00
635,645098_5.mp4,угловой,83:00
636,645098_5.mp4,угловой,85:00
637,645098_5.mp4,угловой,87:00
638,645098_5.mp4,угловой,89:00
639,645098_5.mp4,угловой,91:00
640,645098_5.mp4,угловой,93:00
641,645098_5.mp4,угловой,95:00
642,645098_5.mp4,угловой,97:00
643,645098_5.mp4,угловой,99:00
644,645195_5.mp4,угловой,01:00
645,645195_5.mp4,угловой,03:00
646,645195_5.mp4,угловой,05:00
647,645195_5.mp4,угловой,07:00
648,645195_5.mp4,угловой,09:00
649,645195_5.mp4,угловой,11:00
650,645195_5.mp4,угловой,13:00
651,645195_5.mp4,угловой,15:00
652,645195_5.mp4,угловой,17:00
653,645195_5.mp4,угловой,19:00
654,645195_5.mp4,угловой,21:00
655,645195_5.mp4,угловой,23:00
656,645195_5.mp4,угловой,25:00
657,645195_5.mp4,угловой,27:00
658,645195_5.mp4,угловой,29:00
659,645195_5.mp4,угловой,31:00
660,645195_5.mp4,угловой,33:00
661,645195_5.mp4,угловой,35:00
662,645195_5.mp4,угловой,37:00
663,645195_5.mp4,угловой,39:00
664,645195_5.mp4,угловой,41:00
665,645195_5.mp4,угловой,43:00
666,645195_5.mp4,угловой,45:00
667,645195_5.mp4,угловой,47:00
668,645195_5.mp4,угловой,49:00
669,645195_5.mp4,угловой,51:00
670,645195_5.mp4,угловой,53:00
671,645195_5.mp4,угловой,55:00
672,645195_5.mp4,угловой,57:00
673,645195_5.mp4,угловой,59:00
674,645195_5.mp4,угловой,61:00
675,645195_5.mp4,угловой,63:00
676,645195_5.mp4,угловой,65:00
677,645195_5.mp4,угловой,67:00
678,645195_5.mp4,угловой,69:00
679,645195_5.mp4,угловой,71:00
680,645195_5.mp4,угловой,73:00
681,645195_5.mp4,угловой,75:00
682,645195_5.mp4,угловой,77:00
683,645195_5.mp4,угловой,79:00
684,645195_5.mp4,угловой,81:00
685,645195_5.mp4,угловой,83:00
686,645195_5.mp4,угловой,85:00
687,645195_5.mp4,угловой,87:00
688,645195_5.mp4,угловой,89:00
689,645195_5.mp4,угловой,91:00
690,645195_5.mp4,угловой,93:00
691,645195_5.mp4,угловой,95:00
692,645195_5.mp4,угловой,97:00
693,645195_5.mp4,угловой,99:00
694,645286_5.mp4,угловой,01:00
695,645286_5.mp4,угловой,03:00
696,645286_5.mp4,угловой,05:00
697,645286_5.mp4,угловой,07:00
698,645286_5.mp4,угловой,09:00
699,645286_5.mp4,угловой,11:00
700,645286_5.mp4,угловой,13:00
701,645286_5.mp4,угловой,15:00
702,645286_5.mp4,угловой,17:00
703,645286_5.mp4,угловой,19:00
704,645286_5.mp4,угловой,21:00
705,645286_5.mp4,угловой,23:00
706,645286_5.mp4,угловой,25:00
707,645286_5.mp4,угловой,27:00
708,645286_5.mp4,угловой,29:00
709,645286_5.mp4,угловой,31:00
710,645286_5.mp4,угловой,33:00
711,645286_5.mp4,угловой,35:00
712,645286_5.mp4,угловой,37:00
713,645286_5.mp4,угловой,39:00
714,645286_5.mp4,угловой,41:00
715,645286_5.mp4,угловой,43:00
716,645286_5.mp4,угловой,45:00
717,645286_5.mp4,угловой,47:00
718,645286_5.mp4,угловой,49:00
719,645286_5.mp4,угловой,51:00
720,645286_5.mp4,угловой,53:00
721,645286_5.mp4,угловой,55:00
722,645286_5.mp4,угловой,57:00
723,645286_5.mp4,угловой,59:00
724,645286_5.mp4,угловой,61:00
725,645286_5.mp4,угловой,63:00
726,645286_5.mp4,угловой,65:00
727,645286_5.mp4,угловой,67:00
728,645286_5.mp4,угловой,69:00
729,645286_5.mp4,угловой,71:00
730,645286_5.mp4,угловой,73:00
731,645286_5.mp4,угловой,75:00
732,645286_5.mp4,угловой,77:00
733,645286_5.mp4,угловой,79:00
734,645286_5.mp4,угловой,81:00
735,645286_5.mp4,угловой,83:00
736,645286_5.mp4,угловой,85:00
737,645286_5.mp4,угловой,87:00
738,645286_5.mp4,угловой,89:00
739,645286_5.mp4,угловой,91:00
740,645286_5.mp4,угловой,93:00
741,645286_5.mp4,угловой,95:00
742,645286_5.mp4,угловой,97:00
743,645286_5.mp4,угловой,99:00
744,645310_5.mp4,угловой,01:00
745,645310_5.mp4,угловой,03:00
746,645310_5.mp4,угловой,05:00
747,645310_5.mp4,угловой,07:00
748,645310_5.mp4,угловой,09:00
749,645310_5.mp4,угловой,11:00
750,645310_5.mp4,угловой,13:00
751,645310_5.mp4,угловой,15:00
752,645310_5.mp4,угловой,17:00
753,645310_5.mp4,угловой,19:00
754,645310_5.mp4,угловой,21:00
755,645310_5.mp4,угловой,23:00
756,645310_5.mp4,угловой,25:00
757,645310_5.mp4,угловой,27:00
758,645310_5.mp4,угловой,29:00
759,645310_5.mp4,угловой,31:00
760,645310_5.mp4,угловой,33:00
761,645310_5.mp4,угловой,35:00
762,645310_5.mp4,угловой,37:00
763,645310_5.mp4,угловой,39:00
764,645310_5.mp4,угловой,41:00
765,645310_5.mp4,угловой,43:00
766,645310_5.mp4,угловой,45:00
767,645310_5.mp4,угловой,47:00
768,645310_5.mp4,угловой,49:00
769,645310_5.mp4,угловой,51:00
770,645310_5.mp4,угловой,53:00
771,645310_5.mp4,угловой,55:00
772,645310_5.mp4,угловой,57:00
773,645310_5.mp4,угловой,59:00
774,645310_5.mp4,угловой,61:00
775,645310_5.mp4,угловой,63:00
776,645310_5.mp4,угловой,65:00
777,645310_5.mp4,угловой,67:00
778,645310_5.mp4,угловой,69:00
779,645310_5.mp4,угловой,71:00
780,645310_5.mp4,угловой,73:00
781,645310_5.mp4,угловой,75:00
782,645310_5.mp4,угловой,77:00
783,645310_5.mp4,угловой,79:00
784,645310_5.mp4,угловой,81:00
785,645310_5.mp4,угловой,83:00
786,645310_5.mp4,угловой,85:00
787,645310_5.mp4,угловой,87:00
788,645310_5.mp4,угловой,89:00
789,645310_5.mp4,угловой,91:00
790,645310_5.mp4,угловой,93:00
791,645310_5.mp4,угловой,95:00
792,645310_5.mp4,угловой,97:00
793,645310_5.mp4,угловой,99:00
794,646186_5.mp4,угловой,01:00
795,646186_5.mp4,угловой,03:00
796,646186_5.mp4,угловой,05:00
797,646186_5.mp4,угловой,07:00
798,646186_5.mp4,угловой,09:00
799,646186_5.mp4,угловой,11:00
800,646186_5.mp4,угловой,13:00
801,646186_5.mp4,угловой,15:00
802,646186_5.mp4,угловой,17:00
803,646186_5.mp4,угловой,19:00
804,646186_5.mp4,угловой,21:00
805,646186_5.mp4,угловой,23:00
806,646186_5.mp4,угловой,25:00
807,646186_5.mp4,угловой,27:00
808,646186_5.mp4,угловой,29:00
809,646186_5.mp4,угловой,31:00
810,646186_5.mp4,угловой,33:00
811,646186_5.mp4,угловой,35:00
812,646186_5.mp4,угловой,37:00
813,646186_5.mp4,угловой,39:00
814,646186_5.mp4,угловой,41:00
815,646186_5.mp4,угловой,43:00
816,646186_5.mp4,угловой,45:00
817,646186_5.mp4,угловой,47:00
818,646186_5.mp4,угловой,49:00
819,646186_5.mp4,угловой,51:00
820,646186_5.mp4,угловой,53:00
821,646186_5.mp4,угловой,55:00
822,646186_5.mp4,угловой,57:00
823,646186_5.mp4,угловой,59:00
824,646186_5.mp4,угловой,61:00
825,646186_5.mp4,угловой,63:00
826,646186_5.mp4,угловой,65:00
827,646186_5.mp4,угловой,67:00
828,646186_5.mp4,угловой,69:00
829,646186_5.mp4,угловой,71:00
830,646186_5.mp4,угловой,73:00
831,646186_5.mp4,угловой,75:00
832,646186_5.mp4,угловой,77:00
833,646186_5.mp4,угловой,79:00
834,646186_5.mp4,угловой,81:00
835,646186_5.mp4,угловой,83:00
836,646186_5.mp4,угловой,85:00
837,646186_5.mp4,угловой,87:00
838,646186_5.mp4,угловой,89:00
839,646186_5.mp4,угловой,91:00
840,646186_5.mp4,угловой,93:00
841,646186_5.mp4,угловой,95:00
842,646186_5.mp4,угловой,97:00
843,646186_5.mp4,угловой,99:00
844,648559_5.mp4,угловой,01:00
845,648559_5.mp4,угловой,03:00
846,648559_5.mp4,угловой,05:00
847,648559_5.mp4,угловой,07:00
848,648559_5.mp4,угловой,09:00
849,648559_5.mp4,угловой,11:00
850,648559_5.mp4,угловой,13:00
851,648559_5.mp4,угловой,15:00
852,648559_5.mp4,угловой,17:00
853,648559_5.mp4,угловой,19:00
854,648559_5.mp4,угловой,21:00
855,648559_5.mp4,угловой,23:00
856,648559_5.mp4,угловой,25:00
857,648559_5.mp4,угловой,27:00
858,648559_5.mp4,угловой,29:00
859,648559_5.mp4,угловой,31:00
860,648559_5.mp4,угловой,33:00
861,648559_5.mp4,угловой,35:00
862,648559_5.mp4,угловой,37:00
863,648559_5.mp4,угловой,39:00
864,648559_5.mp4,угловой,41:00
865,648559_5.mp4,угловой,43:00
866,648559_5.mp4,угловой,45:00
867,648559_5.mp4,угловой,47:00
868,648559_5.mp4,угловой,49:00
869,648559_5.mp4,угловой,51:00
870,648559_5.mp4,угловой,53:00
871,648559_5.mp4,угловой,55:00
872,648559_5.mp4,угловой,57:00
873,648559_5.mp4,угловой,59:00
874,648559_5.mp4,угловой,61:00
875,648559_5.mp4,угловой,63:00
876,648559_5.mp4,угловой,65:00
877,648559_5.mp4,угловой,67:00
878,648559_5.mp4,угловой,69:00
879,648559_5.mp4,угловой,71:00
880,648559_5.mp4,угловой,73:00
881,648559_5.mp4,угловой,75:00
882,648559_5.mp4,угловой,77:00
883,648559_5.mp4,угловой,79:00
884,648559_5.mp4,угловой,81:00
885,648559_5.mp4,угловой,83:00
886,648559_5.mp4,угловой,85:00
887,648559_5.mp4,угловой,87:00
888,648559_5.mp4,угловой,89:00
889,648559_5.mp4,угловой,91:00
890,648559_5.mp4,угловой,93:00
891,648559_5.mp4,угловой,95:00
892,648559_5.mp4,угловой,97:00
893,648559_5.mp4,угловой,99:00
