game_id,game_name,file_name,event_type,event_time,comments
1380660310,Уфа – Анжи,640612_5.mp4,гол,2:20,
1380660310,Уфа – Анжи,640612_5.mp4,гол,86:52,
1380660310,Уфа – Анжи,640612_5.mp4,гол,88:47,
1380660310,Уфа – Анжи,640612_5.mp4,желтая карточка,37:30,
1380660310,Уфа – Анжи,640612_5.mp4,замена,45:00,замена в перерыве
1380660310,Уфа – Анжи,640612_5.mp4,замена,45:00,замена в перерыве
1380660310,Уфа – Анжи,640612_5.mp4,замена,62:15,
1380660310,Уфа – Анжи,640612_5.mp4,замена,69:22,
1380660310,Уфа – Анжи,640612_5.mp4,замена,69:46,
1380660310,Уфа – Анжи,640612_5.mp4,замена,89:37,
1380660310,Уфа – Анжи,640612_5.mp4,угловой,59:18,
1380660310,Уфа – Анжи,640612_5.mp4,угловой,72:50,
1380660310,Уфа – Анжи,640612_5.mp4,угловой,73:42,
1380660310,Уфа – Анжи,640612_5.mp4,угловой,75:26,
1380660310,Уфа – Анжи,640612_5.mp4,угловой,84:31,
1380660310,Уфа – Анжи,640612_5.mp4,угловой,91:22,
1380660310,Уфа – Анжи,640612_5.mp4,удар по воротам,38:46,
1380660310,Уфа – Анжи,640612_5.mp4,удар по воротам,53:55,
1380660310,Уфа – Анжи,640612_5.mp4,удар по воротам,58:39,
1380660310,Уфа – Анжи,640612_5.mp4,удар по воротам,65:23,
1380660310,Уфа – Анжи,640612_5.mp4,удар по воротам,78:57,
1380660310,Уфа – Анжи,640612_5.mp4,удар по воротам,79:51,
1380660310,Уфа – Анжи,640612_5.mp4,удар по воротам,84:39,
1380660310,Уфа – Анжи,640612_5.mp4,удар по воротам,88:40,
1380660309,Ахмат – Енисей,640208_5.mp4,гол,59:01,
1380660309,Ахмат – Енисей,640208_5.mp4,желтая карточка,37:11,
1380660309,Ахмат – Енисей,640208_5.mp4,желтая карточка,51:33,
1380660309,Ахмат – Енисей,640208_5.mp4,желтая карточка,55:29,
1380660309,Ахмат – Енисей,640208_5.mp4,желтая карточка,76:27,
1380660309,Ахмат – Енисей,640208_5.mp4,желтая карточка,93:32,
1380660309,Ахмат – Енисей,640208_5.mp4,замена,59:31,
1380660309,Ахмат – Енисей,640208_5.mp4,замена,71:19,
1380660309,Ахмат – Енисей,640208_5.mp4,замена,72:49,
1380660309,Ахмат – Енисей,640208_5.mp4,замена,76:54,
1380660309,Ахмат – Енисей,640208_5.mp4,замена,81:29,
1380660309,Ахмат – Енисей,640208_5.mp4,замена,85:12,
1380660309,Ахмат – Енисей,640208_5.mp4,угловой,3:38,
1380660309,Ахмат – Енисей,640208_5.mp4,угловой,24:01,
1380660309,Ахмат – Енисей,640208_5.mp4,угловой,33:18,
1380660309,Ахмат – Енисей,640208_5.mp4,угловой,38:39,
1380660309,Ахмат – Енисей,640208_5.mp4,угловой,41:16,
1380660309,Ахмат – Енисей,640208_5.mp4,угловой,45:54,
1380660309,Ахмат – Енисей,640208_5.mp4,угловой,47:03,
1380660309,Ахмат – Енисей,640208_5.mp4,угловой,54:30,
1380660309,Ахмат – Енисей,640208_5.mp4,удар по воротам,4:10,
1380660309,Ахмат – Енисей,640208_5.mp4,удар по воротам,6:30,
1380660309,Ахмат – Енисей,640208_5.mp4,удар по воротам,11:45,
1380660309,Ахмат – Енисей,640208_5.mp4,удар по воротам,16:33,
1380660309,Ахмат – Енисей,640208_5.mp4,удар по воротам,17:40,
1380660309,Ахмат – Енисей,640208_5.mp4,удар по воротам,26:20,
1380660309,Ахмат – Енисей,640208_5.mp4,удар по воротам,29:43,
1380660309,Ахмат – Енисей,640208_5.mp4,удар по воротам,31:12,
1380660309,Ахмат – Енисей,640208_5.mp4,удар по воротам,35:33,
1380660309,Ахмат – Енисей,640208_5.mp4,удар по воротам,38:57,
1380660309,Ахмат – Енисей,640208_5.mp4,удар по воротам,46:20,компенсированное время первого тайма
1380660309,Ахмат – Енисей,640208_5.mp4,удар по воротам,47:45,
1380660309,Ахмат – Енисей,640208_5.mp4,удар по воротам,47:55,
1380660309,Ахмат – Енисей,640208_5.mp4,удар по воротам,50:28,
1380660309,Ахмат – Енисей,640208_5.mp4,удар по воротам,51:25,
1380660309,Ахмат – Енисей,640208_5.mp4,удар по воротам,56:13,
1380660309,Ахмат – Енисей,640208_5.mp4,удар по воротам,56:21,
1380660309,Ахмат – Енисей,640208_5.mp4,удар по воротам,67:51,
1380660309,Ахмат – Енисей,640208_5.mp4,удар по воротам,84:25,
1380660309,Ахмат – Енисей,640208_5.mp4,удар по воротам,86:17,
1380660309,Ахмат – Енисей,640208_5.mp4,удар по воротам,92:45,
1380660308,ЦСКА – Ростов,640202_5.mp4,гол,6:22,
1380660308,ЦСКА – Ростов,640202_5.mp4,желтая карточка,49:43,
1380660308,ЦСКА – Ростов,640202_5.mp4,желтая карточка,51:08,
1380660308,ЦСКА – Ростов,640202_5.mp4,желтая карточка,65:10,
1380660308,ЦСКА – Ростов,640202_5.mp4,желтая карточка,93:31,
1380660308,ЦСКА – Ростов,640202_5.mp4,замена,45:00,замена в перерыве
1380660308,ЦСКА – Ростов,640202_5.mp4,замена,45:00,замена в перерыве
1380660308,ЦСКА – Ростов,640202_5.mp4,замена,59:20,
1380660308,ЦСКА – Ростов,640202_5.mp4,замена,76:03,
1380660308,ЦСКА – Ростов,640202_5.mp4,замена,83:05,
1380660308,ЦСКА – Ростов,640202_5.mp4,замена,83:25,
1380660308,ЦСКА – Ростов,640202_5.mp4,угловой,25:55,
1380660308,ЦСКА – Ростов,640202_5.mp4,угловой,33:27,
1380660308,ЦСКА – Ростов,640202_5.mp4,угловой,35:25,
1380660308,ЦСКА – Ростов,640202_5.mp4,угловой,63:04,
1380660308,ЦСКА – Ростов,640202_5.mp4,угловой,72:00,
1380660308,ЦСКА – Ростов,640202_5.mp4,удар по воротам,19:21,
1380660308,ЦСКА – Ростов,640202_5.mp4,удар по воротам,33:30,
1380660308,ЦСКА – Ростов,640202_5.mp4,удар по воротам,34:47,
1380660308,ЦСКА – Ростов,640202_5.mp4,удар по воротам,40:05,
1380660308,ЦСКА – Ростов,640202_5.mp4,удар по воротам,42:17,
1380660308,ЦСКА – Ростов,640202_5.mp4,удар по воротам,63:37,
1380660308,ЦСКА – Ростов,640202_5.mp4,удар по воротам,64:17,
1380660308,ЦСКА – Ростов,640202_5.mp4,удар по воротам,72:36,
1380660308,ЦСКА – Ростов,640202_5.mp4,удар по воротам,72:51,
1380660307,Крылья Советов – Оренбург,640196_5.mp4,гол,25:47,
1380660307,Крылья Советов – Оренбург,640196_5.mp4,гол,37:31,
1380660307,Крылья Советов – Оренбург,640196_5.mp4,гол,45:24,компенсированное время первого тайма
1380660307,Крылья Советов – Оренбург,640196_5.mp4,желтая карточка,32:51,
1380660307,Крылья Советов – Оренбург,640196_5.mp4,желтая карточка,35:02,
1380660307,Крылья Советов – Оренбург,640196_5.mp4,желтая карточка,61:54,
1380660307,Крылья Советов – Оренбург,640196_5.mp4,желтая карточка,67:20,
1380660307,Крылья Советов – Оренбург,640196_5.mp4,желтая карточка,88:55,
1380660307,Крылья Советов – Оренбург,640196_5.mp4,замена,19:25,
1380660307,Крылья Советов – Оренбург,640196_5.mp4,замена,45:00,замена в перерыве
1380660307,Крылья Советов – Оренбург,640196_5.mp4,замена,52:30,
1380660307,Крылья Советов – Оренбург,640196_5.mp4,замена,59:51,
1380660307,Крылья Советов – Оренбург,640196_5.mp4,замена,62:58,
1380660307,Крылья Советов – Оренбург,640196_5.mp4,замена,65:27,
1380660307,Крылья Советов – Оренбург,640196_5.mp4,угловой,14:55,
1380660307,Крылья Советов – Оренбург,640196_5.mp4,угловой,23:13,
1380660307,Крылья Советов – Оренбург,640196_5.mp4,угловой,34:46,
1380660307,Крылья Советов – Оренбург,640196_5.mp4,угловой,36:49,
1380660307,Крылья Советов – Оренбург,640196_5.mp4,угловой,37:08,
1380660307,Крылья Советов – Оренбург,640196_5.mp4,угловой,39:28,
1380660307,Крылья Советов – Оренбург,640196_5.mp4,угловой,40:31,
1380660307,Крылья Советов – Оренбург,640196_5.mp4,угловой,41:26,
1380660307,Крылья Советов – Оренбург,640196_5.mp4,угловой,45:18,компенсированное время первого тайма
1380660307,Крылья Советов – Оренбург,640196_5.mp4,угловой,47:34,компенсированное время первого тайма
1380660307,Крылья Советов – Оренбург,640196_5.mp4,угловой,53:57,
1380660307,Крылья Советов – Оренбург,640196_5.mp4,угловой,63:25,
1380660307,Крылья Советов – Оренбург,640196_5.mp4,угловой,72:44,
1380660307,Крылья Советов – Оренбург,640196_5.mp4,угловой,73:07,
1380660307,Крылья Советов – Оренбург,640196_5.mp4,угловой,76:27,
1380660307,Крылья Советов – Оренбург,640196_5.mp4,угловой,84:20,
1380660307,Крылья Советов – Оренбург,640196_5.mp4,удар по воротам,2:47,
1380660307,Крылья Советов – Оренбург,640196_5.mp4,удар по воротам,5:28,
1380660307,Крылья Советов – Оренбург,640196_5.mp4,удар по воротам,6:16,
1380660307,Крылья Советов – Оренбург,640196_5.mp4,удар по воротам,10:08,
1380660307,Крылья Советов – Оренбург,640196_5.mp4,удар по воротам,22:14,
1380660307,Крылья Советов – Оренбург,640196_5.mp4,удар по воротам,23:24,
1380660307,Крылья Советов – Оренбург,640196_5.mp4,удар по воротам,31:23,
1380660307,Крылья Советов – Оренбург,640196_5.mp4,удар по воротам,36:16,
1380660307,Крылья Советов – Оренбург,640196_5.mp4,удар по воротам,36:21,
1380660307,Крылья Советов – Оренбург,640196_5.mp4,удар по воротам,36:59,
1380660307,Крылья Советов – Оренбург,640196_5.mp4,удар по воротам,37:28,
1380660307,Крылья Советов – Оренбург,640196_5.mp4,удар по воротам,41:32,
1380660307,Крылья Советов – Оренбург,640196_5.mp4,удар по воротам,43:32,
1380660307,Крылья Советов – Оренбург,640196_5.mp4,удар по воротам,44:56,
1380660307,Крылья Советов – Оренбург,640196_5.mp4,удар по воротам,46:20,
1380660307,Крылья Советов – Оренбург,640196_5.mp4,удар по воротам,47:12,
1380660307,Крылья Советов – Оренбург,640196_5.mp4,удар по воротам,49:44,
1380660307,Крылья Советов – Оренбург,640196_5.mp4,удар по воротам,61:15,
1380660307,Крылья Советов – Оренбург,640196_5.mp4,удар по воротам,62:12,
1380660307,Крылья Советов – Оренбург,640196_5.mp4,удар по воротам,69:18,
1380660307,Крылья Советов – Оренбург,640196_5.mp4,удар по воротам,69:57,
1380660307,Крылья Советов – Оренбург,640196_5.mp4,удар по воротам,70:52,
1380660307,Крылья Советов – Оренбург,640196_5.mp4,удар по воротам,71:54,
1380660307,Крылья Советов – Оренбург,640196_5.mp4,удар по воротам,72:55,
1380660307,Крылья Советов – Оренбург,640196_5.mp4,удар по воротам,73:16,
1380660307,Крылья Советов – Оренбург,640196_5.mp4,удар по воротам,74:06,
1380660307,Крылья Советов – Оренбург,640196_5.mp4,удар по воротам,75:13,
1380660307,Крылья Советов – Оренбург,640196_5.mp4,удар по воротам,76:40,
1380660307,Крылья Советов – Оренбург,640196_5.mp4,удар по воротам,80:05,
1380660307,Крылья Советов – Оренбург,640196_5.mp4,удар по воротам,83:00,
1380660307,Крылья Советов – Оренбург,640196_5.mp4,удар по воротам,84:24,
1380660307,Крылья Советов – Оренбург,640196_5.mp4,удар по воротам,86:28,
1380660307,Крылья Советов – Оренбург,640196_5.mp4,удар по воротам,88:22,
1380660307,Крылья Советов – Оренбург,640196_5.mp4,удар по воротам,90:05,
1380660307,Крылья Советов – Оренбург,640196_5.mp4,удар по воротам,92:17,
1380660306,Локомотив – Спартак,643734_5.mp4,желтая карточка,26:21,
1380660306,Локомотив – Спартак,643734_5.mp4,желтая карточка,51:42,
1380660306,Локомотив – Спартак,643734_5.mp4,желтая карточка,59:12,
1380660306,Локомотив – Спартак,643734_5.mp4,желтая карточка,78:18,
1380660306,Локомотив – Спартак,643734_5.mp4,желтая карточка,79:31,
1380660306,Локомотив – Спартак,643734_5.mp4,желтая карточка,92:57,
1380660306,Локомотив – Спартак,643734_5.mp4,замена,67:18,
1380660306,Локомотив – Спартак,643734_5.mp4,замена,68:13,
1380660306,Локомотив – Спартак,643734_5.mp4,замена,72:29,
1380660306,Локомотив – Спартак,643734_5.mp4,замена,85:56,
1380660306,Локомотив – Спартак,643734_5.mp4,замена,89:33,
1380660306,Локомотив – Спартак,643734_5.mp4,угловой,2:41,
1380660306,Локомотив – Спартак,643734_5.mp4,угловой,22:26,
1380660306,Локомотив – Спартак,643734_5.mp4,угловой,31:53,
1380660306,Локомотив – Спартак,643734_5.mp4,угловой,49:41,
1380660306,Локомотив – Спартак,643734_5.mp4,угловой,51:20,
1380660306,Локомотив – Спартак,643734_5.mp4,угловой,61:20,
1380660306,Локомотив – Спартак,643734_5.mp4,угловой,94:12,
1380660306,Локомотив – Спартак,643734_5.mp4,удар по воротам,2:44,
1380660306,Локомотив – Спартак,643734_5.mp4,удар по воротам,4:13,
1380660306,Локомотив – Спартак,643734_5.mp4,удар по воротам,6:23,
1380660306,Локомотив – Спартак,643734_5.mp4,удар по воротам,8:49,
1380660306,Локомотив – Спартак,643734_5.mp4,удар по воротам,10:59,
1380660306,Локомотив – Спартак,643734_5.mp4,удар по воротам,22:30,
1380660306,Локомотив – Спартак,643734_5.mp4,удар по воротам,31:59,
1380660306,Локомотив – Спартак,643734_5.mp4,удар по воротам,37:39,
1380660306,Локомотив – Спартак,643734_5.mp4,удар по воротам,39:55,
1380660306,Локомотив – Спартак,643734_5.mp4,удар по воротам,42:19,
1380660306,Локомотив – Спартак,643734_5.mp4,удар по воротам,47:42,
1380660306,Локомотив – Спартак,643734_5.mp4,удар по воротам,51:24,
1380660306,Локомотив – Спартак,643734_5.mp4,удар по воротам,52:59,
1380660306,Локомотив – Спартак,643734_5.mp4,удар по воротам,56:22,
1380660306,Локомотив – Спартак,643734_5.mp4,удар по воротам,60:38,
1380660306,Локомотив – Спартак,643734_5.mp4,удар по воротам,63:03,
1380660306,Локомотив – Спартак,643734_5.mp4,удар по воротам,69:24,
1380660306,Локомотив – Спартак,643734_5.mp4,удар по воротам,71:04,
1380660306,Локомотив – Спартак,643734_5.mp4,удар по воротам,74:09,
1380660306,Локомотив – Спартак,643734_5.mp4,удар по воротам,77:30,
1380660306,Локомотив – Спартак,643734_5.mp4,удар по воротам,80:58,
1380660306,Локомотив – Спартак,643734_5.mp4,удар по воротам,86:17,
1380660306,Локомотив – Спартак,643734_5.mp4,удар по воротам,94:16,
1380660305,Зенит – Арсенал,639919_5.mp4,гол,60:24,
1380660305,Зенит – Арсенал,639919_5.mp4,желтая карточка,49:07,
1380660305,Зенит – Арсенал,639919_5.mp4,желтая карточка,75:39,
1380660305,Зенит – Арсенал,639919_5.mp4,желтая карточка,89:15,
1380660305,Зенит – Арсенал,639919_5.mp4,замена,55:21,
1380660305,Зенит – Арсенал,639919_5.mp4,замена,61:30,
1380660305,Зенит – Арсенал,639919_5.mp4,замена,66:33,
1380660305,Зенит – Арсенал,639919_5.mp4,замена,76:26,
1380660305,Зенит – Арсенал,639919_5.mp4,замена,80:14,
1380660305,Зенит – Арсенал,639919_5.mp4,замена,91:57,
1380660305,Зенит – Арсенал,639919_5.mp4,угловой,5:06,
1380660305,Зенит – Арсенал,639919_5.mp4,угловой,5:29,
1380660305,Зенит – Арсенал,639919_5.mp4,угловой,20:50,
1380660305,Зенит – Арсенал,639919_5.mp4,угловой,34:05,
1380660305,Зенит – Арсенал,639919_5.mp4,угловой,40:54,
1380660305,Зенит – Арсенал,639919_5.mp4,угловой,43:27,
1380660305,Зенит – Арсенал,639919_5.mp4,угловой,56:32,
1380660305,Зенит – Арсенал,639919_5.mp4,угловой,63:39,
1380660305,Зенит – Арсенал,639919_5.mp4,угловой,64:15,
1380660305,Зенит – Арсенал,639919_5.mp4,угловой,69:29,
1380660305,Зенит – Арсенал,639919_5.mp4,угловой,71:32,
1380660305,Зенит – Арсенал,639919_5.mp4,угловой,86:54,
1380660305,Зенит – Арсенал,639919_5.mp4,угловой,93:24,
1380660305,Зенит – Арсенал,639919_5.mp4,удар по воротам,0:39,
1380660305,Зенит – Арсенал,639919_5.mp4,удар по воротам,15:06,
1380660305,Зенит – Арсенал,639919_5.mp4,удар по воротам,22:42,
1380660305,Зенит – Арсенал,639919_5.mp4,удар по воротам,34:24,
1380660305,Зенит – Арсенал,639919_5.mp4,удар по воротам,47:59,
1380660305,Зенит – Арсенал,639919_5.mp4,удар по воротам,51:52,
1380660305,Зенит – Арсенал,639919_5.mp4,удар по воротам,52:51,
1380660305,Зенит – Арсенал,639919_5.mp4,удар по воротам,63:43,
1380660305,Зенит – Арсенал,639919_5.mp4,удар по воротам,64:04,
1380660305,Зенит – Арсенал,639919_5.mp4,удар по воротам,70:51,
1380660305,Зенит – Арсенал,639919_5.mp4,удар по воротам,72:30,
1380660305,Зенит – Арсенал,639919_5.mp4,удар по воротам,78:14,
1380660305,Зенит – Арсенал,639919_5.mp4,удар по воротам,79:02,
1380660305,Зенит – Арсенал,639919_5.mp4,удар по воротам,81:10,
1380660305,Зенит – Арсенал,639919_5.mp4,удар по воротам,81:19,
1380660305,Зенит – Арсенал,639919_5.mp4,удар по воротам,83:41,
1380660305,Зенит – Арсенал,639919_5.mp4,удар по воротам,83:44,
1380660305,Зенит – Арсенал,639919_5.mp4,удар по воротам,85:25,
1380660305,Зенит – Арсенал,639919_5.mp4,удар по воротам,90:28,
1380660304,Урал – Краснодар,639900_5.mp4,гол,5:45,
1380660304,Урал – Краснодар,639900_5.mp4,гол,47:52,
1380660304,Урал – Краснодар,639900_5.mp4,гол,88:46,
1380660304,Урал – Краснодар,639900_5.mp4,желтая карточка,26:03,
1380660304,Урал – Краснодар,639900_5.mp4,желтая карточка,36:27,
1380660304,Урал – Краснодар,639900_5.mp4,желтая карточка,52:11,
1380660304,Урал – Краснодар,639900_5.mp4,желтая карточка,80:54,
1380660304,Урал – Краснодар,639900_5.mp4,желтая карточка,85:32,
1380660304,Урал – Краснодар,639900_5.mp4,замена,59:30,
1380660304,Урал – Краснодар,639900_5.mp4,замена,66:50,
1380660304,Урал – Краснодар,639900_5.mp4,замена,72:27,
1380660304,Урал – Краснодар,639900_5.mp4,замена,74:27,
1380660304,Урал – Краснодар,639900_5.mp4,замена,79:52,
1380660304,Урал – Краснодар,639900_5.mp4,замена,89:50,
1380660304,Урал – Краснодар,639900_5.mp4,угловой,11:17,
1380660304,Урал – Краснодар,639900_5.mp4,угловой,12:10,
1380660304,Урал – Краснодар,639900_5.mp4,угловой,17:38,
1380660304,Урал – Краснодар,639900_5.mp4,угловой,23:26,
1380660304,Урал – Краснодар,639900_5.mp4,угловой,32:25,
1380660304,Урал – Краснодар,639900_5.mp4,угловой,41:38,
1380660304,Урал – Краснодар,639900_5.mp4,угловой,55:24,
1380660304,Урал – Краснодар,639900_5.mp4,угловой,57:30,
1380660304,Урал – Краснодар,639900_5.mp4,угловой,58:00,
1380660304,Урал – Краснодар,639900_5.mp4,угловой,68:14,
1380660304,Урал – Краснодар,639900_5.mp4,удар по воротам,11:54,
1380660304,Урал – Краснодар,639900_5.mp4,удар по воротам,17:50,
1380660304,Урал – Краснодар,639900_5.mp4,удар по воротам,23:29,
1380660304,Урал – Краснодар,639900_5.mp4,удар по воротам,27:43,
1380660304,Урал – Краснодар,639900_5.mp4,удар по воротам,37:22,
1380660304,Урал – Краснодар,639900_5.mp4,удар по воротам,41:58,
1380660304,Урал – Краснодар,639900_5.mp4,удар по воротам,55:14,
1380660304,Урал – Краснодар,639900_5.mp4,удар по воротам,57:34,
1380660304,Урал – Краснодар,639900_5.mp4,удар по воротам,58:27,
1380660304,Урал – Краснодар,639900_5.mp4,удар по воротам,59:19,
1380660304,Урал – Краснодар,639900_5.mp4,удар по воротам,60:40,
1380660304,Урал – Краснодар,639900_5.mp4,удар по воротам,66:26,
1380660304,Урал – Краснодар,639900_5.mp4,удар по воротам,68:18,
1380660304,Урал – Краснодар,639900_5.mp4,удар по воротам,71:38,
1380660304,Урал – Краснодар,639900_5.mp4,удар по воротам,73:20,
1380660304,Урал – Краснодар,639900_5.mp4,удар по воротам,83:19,
1380660304,Урал – Краснодар,639900_5.mp4,удар по воротам,84:51,
1380660304,Урал – Краснодар,639900_5.mp4,удар по воротам,85:01,
1380660304,Урал – Краснодар,639900_5.mp4,удар по воротам,86:25,
1380660304,Урал – Краснодар,639900_5.mp4,удар по воротам,87:31,
1380660304,Урал – Краснодар,639900_5.mp4,удар по воротам,92:39,
1380660303,Динамо – Рубин,640085_5.mp4,гол,14:02,
1380660303,Динамо – Рубин,640085_5.mp4,гол,50:59,
1380660303,Динамо – Рубин,640085_5.mp4,желтая карточка,33:56,
1380660303,Динамо – Рубин,640085_5.mp4,желтая карточка,46:11,компенсированное время первого тайма
1380660303,Динамо – Рубин,640085_5.mp4,желтая карточка,64:04,
1380660303,Динамо – Рубин,640085_5.mp4,замена,18:43,
1380660303,Динамо – Рубин,640085_5.mp4,замена,45:00,замена в перерыве
1380660303,Динамо – Рубин,640085_5.mp4,замена,62:18,
1380660303,Динамо – Рубин,640085_5.mp4,замена,75:26,
1380660303,Динамо – Рубин,640085_5.mp4,замена,87:58,
1380660303,Динамо – Рубин,640085_5.mp4,угловой,6:25,
1380660303,Динамо – Рубин,640085_5.mp4,угловой,18:54,
1380660303,Динамо – Рубин,640085_5.mp4,угловой,30:23,
1380660303,Динамо – Рубин,640085_5.mp4,угловой,31:43,
1380660303,Динамо – Рубин,640085_5.mp4,угловой,43:46,
1380660303,Динамо – Рубин,640085_5.mp4,угловой,46:43,
1380660303,Динамо – Рубин,640085_5.mp4,угловой,69:52,
1380660303,Динамо – Рубин,640085_5.mp4,угловой,78:07,
1380660303,Динамо – Рубин,640085_5.mp4,удар по воротам,5:30,
1380660303,Динамо – Рубин,640085_5.mp4,удар по воротам,8:31,
1380660303,Динамо – Рубин,640085_5.mp4,удар по воротам,13:20,
1380660303,Динамо – Рубин,640085_5.mp4,удар по воротам,18:10,
1380660303,Динамо – Рубин,640085_5.mp4,удар по воротам,24:41,
1380660303,Динамо – Рубин,640085_5.mp4,удар по воротам,29:29,
1380660303,Динамо – Рубин,640085_5.mp4,удар по воротам,30:49,
1380660303,Динамо – Рубин,640085_5.mp4,удар по воротам,38:27,
1380660303,Динамо – Рубин,640085_5.mp4,удар по воротам,44:44,
1380660303,Динамо – Рубин,640085_5.mp4,удар по воротам,45:37,компенсированное время первого тайма
1380660303,Динамо – Рубин,640085_5.mp4,удар по воротам,45:44,
1380660303,Динамо – Рубин,640085_5.mp4,удар по воротам,55:13,
1380660303,Динамо – Рубин,640085_5.mp4,удар по воротам,59:15,
1380660303,Динамо – Рубин,640085_5.mp4,удар по воротам,68:08,
1380660303,Динамо – Рубин,640085_5.mp4,удар по воротам,76:23,
1380660303,Динамо – Рубин,640085_5.mp4,удар по воротам,87:40,
1380660302,Крылья Советов – ЦСКА,639939_5.mp4,желтая карточка,22:42,
1380660302,Крылья Советов – ЦСКА,639939_5.mp4,желтая карточка,83:34,
1380660302,Крылья Советов – ЦСКА,639939_5.mp4,замена,45:00,замена в перерыве
1380660302,Крылья Советов – ЦСКА,639939_5.mp4,замена,50:37,
1380660302,Крылья Советов – ЦСКА,639939_5.mp4,замена,75:14,
1380660302,Крылья Советов – ЦСКА,639939_5.mp4,замена,75:45,
1380660302,Крылья Советов – ЦСКА,639939_5.mp4,замена,86:08,
1380660302,Крылья Советов – ЦСКА,639939_5.mp4,замена,89:50,
1380660302,Крылья Советов – ЦСКА,639939_5.mp4,угловой,8:32,
1380660302,Крылья Советов – ЦСКА,639939_5.mp4,угловой,20:20,
1380660302,Крылья Советов – ЦСКА,639939_5.mp4,угловой,31:10,
1380660302,Крылья Советов – ЦСКА,639939_5.mp4,угловой,63:04,
1380660302,Крылья Советов – ЦСКА,639939_5.mp4,угловой,64:00,
1380660302,Крылья Советов – ЦСКА,639939_5.mp4,угловой,79:02,
1380660302,Крылья Советов – ЦСКА,639939_5.mp4,удар по воротам,3:57,
1380660302,Крылья Советов – ЦСКА,639939_5.mp4,удар по воротам,7:55,
1380660302,Крылья Советов – ЦСКА,639939_5.mp4,удар по воротам,8:34,
1380660302,Крылья Советов – ЦСКА,639939_5.mp4,удар по воротам,8:37,
1380660302,Крылья Советов – ЦСКА,639939_5.mp4,удар по воротам,8:38,
1380660302,Крылья Советов – ЦСКА,639939_5.mp4,удар по воротам,11:29,
1380660302,Крылья Советов – ЦСКА,639939_5.mp4,удар по воротам,12:31,
1380660302,Крылья Советов – ЦСКА,639939_5.mp4,удар по воротам,14:43,
1380660302,Крылья Советов – ЦСКА,639939_5.mp4,удар по воротам,16:25,
1380660302,Крылья Советов – ЦСКА,639939_5.mp4,удар по воротам,17:02,
1380660302,Крылья Советов – ЦСКА,639939_5.mp4,удар по воротам,19:42,
1380660302,Крылья Советов – ЦСКА,639939_5.mp4,удар по воротам,19:52,
1380660302,Крылья Советов – ЦСКА,639939_5.mp4,удар по воротам,35:24,
1380660302,Крылья Советов – ЦСКА,639939_5.mp4,удар по воротам,42:32,
1380660302,Крылья Советов – ЦСКА,639939_5.mp4,удар по воротам,57:50,
1380660302,Крылья Советов – ЦСКА,639939_5.mp4,удар по воротам,61:17,
1380660302,Крылья Советов – ЦСКА,639939_5.mp4,удар по воротам,63:08,
1380660302,Крылья Советов – ЦСКА,639939_5.mp4,удар по воротам,66:30,
1380660302,Крылья Советов – ЦСКА,639939_5.mp4,удар по воротам,76:59,
1380660302,Крылья Советов – ЦСКА,639939_5.mp4,удар по воротам,79:11,
1380660302,Крылья Советов – ЦСКА,639939_5.mp4,удар по воротам,83:19,
1380660302,Крылья Советов – ЦСКА,639939_5.mp4,удар по воротам,89:18,
1380660301,Уфа – Локомотив,639933_5.mp4,желтая карточка,53:16,
1380660301,Уфа – Локомотив,639933_5.mp4,желтая карточка,76:30,
1380660301,Уфа – Локомотив,639933_5.mp4,желтая карточка,81:01,
1380660301,Уфа – Локомотив,639933_5.mp4,замена,66:35,
1380660301,Уфа – Локомотив,639933_5.mp4,замена,77:17,
1380660301,Уфа – Локомотив,639933_5.mp4,замена,85:50,
1380660301,Уфа – Локомотив,639933_5.mp4,угловой,8:05,
1380660301,Уфа – Локомотив,639933_5.mp4,угловой,17:41,
1380660301,Уфа – Локомотив,639933_5.mp4,угловой,25:16,
1380660301,Уфа – Локомотив,639933_5.mp4,угловой,26:13,
1380660301,Уфа – Локомотив,639933_5.mp4,угловой,31:06,
1380660301,Уфа – Локомотив,639933_5.mp4,угловой,47:34,
1380660301,Уфа – Локомотив,639933_5.mp4,угловой,53:06,
1380660301,Уфа – Локомотив,639933_5.mp4,угловой,61:44,
1380660301,Уфа – Локомотив,639933_5.mp4,угловой,62:32,
1380660301,Уфа – Локомотив,639933_5.mp4,угловой,66:12,
1380660301,Уфа – Локомотив,639933_5.mp4,угловой,70:42,
1380660301,Уфа – Локомотив,639933_5.mp4,угловой,91:33,
1380660301,Уфа – Локомотив,639933_5.mp4,угловой,94:36,
1380660301,Уфа – Локомотив,639933_5.mp4,удар по воротам,4:51,
1380660301,Уфа – Локомотив,639933_5.mp4,удар по воротам,8:09,
1380660301,Уфа – Локомотив,639933_5.mp4,удар по воротам,11:14,
1380660301,Уфа – Локомотив,639933_5.mp4,удар по воротам,14:21,
1380660301,Уфа – Локомотив,639933_5.mp4,удар по воротам,19:55,
1380660301,Уфа – Локомотив,639933_5.mp4,удар по воротам,20:36,
1380660301,Уфа – Локомотив,639933_5.mp4,удар по воротам,24:36,
1380660301,Уфа – Локомотив,639933_5.mp4,удар по воротам,26:02,
1380660301,Уфа – Локомотив,639933_5.mp4,удар по воротам,33:01,
1380660301,Уфа – Локомотив,639933_5.mp4,удар по воротам,42:15,
1380660301,Уфа – Локомотив,639933_5.mp4,удар по воротам,45:28,
1380660301,Уфа – Локомотив,639933_5.mp4,удар по воротам,47:02,
1380660301,Уфа – Локомотив,639933_5.mp4,удар по воротам,58:31,
1380660301,Уфа – Локомотив,639933_5.mp4,удар по воротам,58:37,
1380660301,Уфа – Локомотив,639933_5.mp4,удар по воротам,59:54,
1380660301,Уфа – Локомотив,639933_5.mp4,удар по воротам,61:02,
1380660301,Уфа – Локомотив,639933_5.mp4,удар по воротам,61:48,
1380660301,Уфа – Локомотив,639933_5.mp4,удар по воротам,63:16,
1380660301,Уфа – Локомотив,639933_5.mp4,удар по воротам,70:02,
1380660301,Уфа – Локомотив,639933_5.mp4,удар по воротам,72:42,
1380660301,Уфа – Локомотив,639933_5.mp4,удар по воротам,72:46,
1380660301,Уфа – Локомотив,639933_5.mp4,удар по воротам,74:27,
1380660301,Уфа – Локомотив,639933_5.mp4,удар по воротам,78:38,
1380660301,Уфа – Локомотив,639933_5.mp4,удар по воротам,90:00,
1380660301,Уфа – Локомотив,639933_5.mp4,удар по воротам,93:56,
1380660300,Рубин – Краснодар,640606_5.mp4,гол,8:20,
1380660300,Рубин – Краснодар,640606_5.mp4,гол,30:09,
1380660300,Рубин – Краснодар,640606_5.mp4,гол,37:14,
1380660300,Рубин – Краснодар,640606_5.mp4,желтая карточка,38:58,
1380660300,Рубин – Краснодар,640606_5.mp4,желтая карточка,42:34,
1380660300,Рубин – Краснодар,640606_5.mp4,замена,62:57,
1380660300,Рубин – Краснодар,640606_5.mp4,замена,62:59,
1380660300,Рубин – Краснодар,640606_5.mp4,замена,71:16,
1380660300,Рубин – Краснодар,640606_5.mp4,замена,74:53,
1380660300,Рубин – Краснодар,640606_5.mp4,замена,88:32,
1380660300,Рубин – Краснодар,640606_5.mp4,угловой,4:33,
1380660300,Рубин – Краснодар,640606_5.mp4,угловой,20:25,
1380660300,Рубин – Краснодар,640606_5.mp4,угловой,57:49,
1380660300,Рубин – Краснодар,640606_5.mp4,угловой,79:50,
1380660300,Рубин – Краснодар,640606_5.mp4,угловой,90:31,
1380660300,Рубин – Краснодар,640606_5.mp4,угловой,91:01,
1380660300,Рубин – Краснодар,640606_5.mp4,удар по воротам,4:36,
1380660300,Рубин – Краснодар,640606_5.mp4,удар по воротам,7:19,
1380660300,Рубин – Краснодар,640606_5.mp4,удар по воротам,21:05,
1380660300,Рубин – Краснодар,640606_5.mp4,удар по воротам,25:06,
1380660300,Рубин – Краснодар,640606_5.mp4,удар по воротам,43:05,
1380660300,Рубин – Краснодар,640606_5.mp4,удар по воротам,46:25,
1380660300,Рубин – Краснодар,640606_5.mp4,удар по воротам,53:09,
1380660300,Рубин – Краснодар,640606_5.mp4,удар по воротам,55:12,
1380660300,Рубин – Краснодар,640606_5.mp4,удар по воротам,63:33,
1380660300,Рубин – Краснодар,640606_5.mp4,удар по воротам,69:21,
1380660300,Рубин – Краснодар,640606_5.mp4,удар по воротам,76:20,
1380660300,Рубин – Краснодар,640606_5.mp4,удар по воротам,79:40,
1380660300,Рубин – Краснодар,640606_5.mp4,удар по воротам,82:12,
1380660300,Рубин – Краснодар,640606_5.mp4,удар по воротам,83:38,
1380660300,Рубин – Краснодар,640606_5.mp4,удар по воротам,84:28,
1380660300,Рубин – Краснодар,640606_5.mp4,удар по воротам,89:41,
1380660299,Арсенал – Динамо,641579_3.mp4,желтая карточка,8:43,
1380660299,Арсенал – Динамо,641579_3.mp4,желтая карточка,51:25,
1380660299,Арсенал – Динамо,641579_3.mp4,желтая карточка,86:27,
1380660299,Арсенал – Динамо,641579_3.mp4,желтая карточка,89:06,
1380660299,Арсенал – Динамо,641579_3.mp4,замена,57:03,
1380660299,Арсенал – Динамо,641579_3.mp4,замена,57:18,
1380660299,Арсенал – Динамо,641579_3.mp4,замена,64:32,
1380660299,Арсенал – Динамо,641579_3.mp4,замена,81:11,
1380660299,Арсенал – Динамо,641579_3.mp4,замена,82:40,
1380660299,Арсенал – Динамо,641579_3.mp4,замена,92:19,
1380660299,Арсенал – Динамо,641579_3.mp4,угловой,44:40,
1380660299,Арсенал – Динамо,641579_3.mp4,угловой,57:53,
1380660299,Арсенал – Динамо,641579_3.mp4,угловой,58:31,
1380660299,Арсенал – Динамо,641579_3.mp4,угловой,61:12,
1380660299,Арсенал – Динамо,641579_3.mp4,угловой,93:12,
1380660299,Арсенал – Динамо,641579_3.mp4,удар по воротам,4:52,
1380660299,Арсенал – Динамо,641579_3.mp4,удар по воротам,21:09,
1380660299,Арсенал – Динамо,641579_3.mp4,удар по воротам,29:06,
1380660299,Арсенал – Динамо,641579_3.mp4,удар по воротам,35:35,
1380660299,Арсенал – Динамо,641579_3.mp4,удар по воротам,40:23,
1380660299,Арсенал – Динамо,641579_3.mp4,удар по воротам,44:17,
1380660299,Арсенал – Динамо,641579_3.mp4,удар по воротам,45:26,компенсированное время первого тайма
1380660299,Арсенал – Динамо,641579_3.mp4,удар по воротам,50:36,
1380660299,Арсенал – Динамо,641579_3.mp4,удар по воротам,53:20,
1380660299,Арсенал – Динамо,641579_3.mp4,удар по воротам,55:02,
1380660299,Арсенал – Динамо,641579_3.mp4,удар по воротам,56:31,
1380660299,Арсенал – Динамо,641579_3.mp4,удар по воротам,60:34,
1380660299,Арсенал – Динамо,641579_3.mp4,удар по воротам,62:27,
1380660299,Арсенал – Динамо,641579_3.mp4,удар по воротам,66:10,
1380660299,Арсенал – Динамо,641579_3.mp4,удар по воротам,68:38,
1380660299,Арсенал – Динамо,641579_3.mp4,удар по воротам,70:32,
1380660299,Арсенал – Динамо,641579_3.mp4,удар по воротам,71:55,
1380660299,Арсенал – Динамо,641579_3.mp4,удар по воротам,76:10,
1380660299,Арсенал – Динамо,641579_3.mp4,удар по воротам,79:23,
1380660299,Арсенал – Динамо,641579_3.mp4,удар по воротам,88:15,
1380660299,Арсенал – Динамо,641579_3.mp4,удар по воротам,91:43,
1380660298,Енисей – Зенит,640680_5.mp4,гол,80:34,
1380660298,Енисей – Зенит,640680_5.mp4,гол,84:41,
1380660298,Енисей – Зенит,640680_5.mp4,желтая карточка,22:34,
1380660298,Енисей – Зенит,640680_5.mp4,желтая карточка,31:45,
1380660298,Енисей – Зенит,640680_5.mp4,желтая карточка,45:03,компенсированное время первого тайма
1380660298,Енисей – Зенит,640680_5.mp4,желтая карточка,66:32,
1380660298,Енисей – Зенит,640680_5.mp4,замена,55:52,
1380660298,Енисей – Зенит,640680_5.mp4,замена,68:23,
1380660298,Енисей – Зенит,640680_5.mp4,замена,82:59,
1380660298,Енисей – Зенит,640680_5.mp4,замена,84:14,
1380660298,Енисей – Зенит,640680_5.mp4,замена,88:21,
1380660298,Енисей – Зенит,640680_5.mp4,замена,90:28,
1380660298,Енисей – Зенит,640680_5.mp4,угловой,13:05,
1380660298,Енисей – Зенит,640680_5.mp4,угловой,27:58,
1380660298,Енисей – Зенит,640680_5.mp4,угловой,41:04,
1380660298,Енисей – Зенит,640680_5.mp4,угловой,44:50,
1380660298,Енисей – Зенит,640680_5.mp4,угловой,58:09,
1380660298,Енисей – Зенит,640680_5.mp4,угловой,61:20,
1380660298,Енисей – Зенит,640680_5.mp4,угловой,73:26,
1380660298,Енисей – Зенит,640680_5.mp4,угловой,92:12,
1380660298,Енисей – Зенит,640680_5.mp4,удар по воротам,1:55,
1380660298,Енисей – Зенит,640680_5.mp4,удар по воротам,6:06,
1380660298,Енисей – Зенит,640680_5.mp4,удар по воротам,7:15,
1380660298,Енисей – Зенит,640680_5.mp4,удар по воротам,11:37,
1380660298,Енисей – Зенит,640680_5.mp4,удар по воротам,15:11,
1380660298,Енисей – Зенит,640680_5.mp4,удар по воротам,19:10,
1380660298,Енисей – Зенит,640680_5.mp4,удар по воротам,20:42,
1380660298,Енисей – Зенит,640680_5.mp4,удар по воротам,31:07,
1380660298,Енисей – Зенит,640680_5.mp4,удар по воротам,33:51,
1380660298,Енисей – Зенит,640680_5.mp4,удар по воротам,41:08,
1380660298,Енисей – Зенит,640680_5.mp4,удар по воротам,44:35,
1380660298,Енисей – Зенит,640680_5.mp4,удар по воротам,32:13,
1380660298,Енисей – Зенит,640680_5.mp4,удар по воротам,46:44,
1380660298,Енисей – Зенит,640680_5.mp4,удар по воротам,52:50,
1380660298,Енисей – Зенит,640680_5.mp4,удар по воротам,63:30,
1380660298,Енисей – Зенит,640680_5.mp4,удар по воротам,67:59,
1380660298,Енисей – Зенит,640680_5.mp4,удар по воротам,68:08,
1380660298,Енисей – Зенит,640680_5.mp4,удар по воротам,71:31,
1380660298,Енисей – Зенит,640680_5.mp4,удар по воротам,73:32,
1380660298,Енисей – Зенит,640680_5.mp4,удар по воротам,74:45,
1380660298,Енисей – Зенит,640680_5.mp4,удар по воротам,80:30,
1380660298,Енисей – Зенит,640680_5.mp4,удар по воротам,93:51,
1380660297,Ростов – Ахмат,640674_5.mp4,гол,45:29,компенсированное время первого тайма
1380660297,Ростов – Ахмат,640674_5.mp4,замена,27:23,
1380660297,Ростов – Ахмат,640674_5.mp4,замена,62:20,
1380660297,Ростов – Ахмат,640674_5.mp4,замена,68:30,
1380660297,Ростов – Ахмат,640674_5.mp4,замена,74:02,
1380660297,Ростов – Ахмат,640674_5.mp4,замена,78:48,
1380660297,Ростов – Ахмат,640674_5.mp4,замена,81:41,
1380660297,Ростов – Ахмат,640674_5.mp4,угловой,12:24,
1380660297,Ростов – Ахмат,640674_5.mp4,угловой,12:50,
1380660297,Ростов – Ахмат,640674_5.mp4,угловой,34:18,
1380660297,Ростов – Ахмат,640674_5.mp4,угловой,41:05,
1380660297,Ростов – Ахмат,640674_5.mp4,угловой,66:34,
1380660297,Ростов – Ахмат,640674_5.mp4,угловой,79:34,
1380660297,Ростов – Ахмат,640674_5.mp4,удар по воротам,10:28,
1380660297,Ростов – Ахмат,640674_5.mp4,удар по воротам,17:21,
1380660297,Ростов – Ахмат,640674_5.mp4,удар по воротам,41:41,
1380660297,Ростов – Ахмат,640674_5.mp4,удар по воротам,43:00,
1380660297,Ростов – Ахмат,640674_5.mp4,удар по воротам,43:04,
1380660297,Ростов – Ахмат,640674_5.mp4,удар по воротам,51:59,
1380660297,Ростов – Ахмат,640674_5.mp4,удар по воротам,65:14,
1380660297,Ростов – Ахмат,640674_5.mp4,удар по воротам,66:37,
1380660297,Ростов – Ахмат,640674_5.mp4,удар по воротам,69:38,
1380660297,Ростов – Ахмат,640674_5.mp4,удар по воротам,72:27,
1380660297,Ростов – Ахмат,640674_5.mp4,удар по воротам,78:03,
1380660297,Ростов – Ахмат,640674_5.mp4,удар по воротам,84:39,
1380660297,Ростов – Ахмат,640674_5.mp4,удар по воротам,93:11,
1380660296,Спартак – Оренбург,640600_3.mp4,гол,3:35,
1380660296,Спартак – Оренбург,640600_3.mp4,желтая карточка,3:34,
1380660296,Спартак – Оренбург,640600_3.mp4,желтая карточка,35:27,
1380660296,Спартак – Оренбург,640600_3.mp4,желтая карточка,35:41,
1380660296,Спартак – Оренбург,640600_3.mp4,замена,57:02,
1380660296,Спартак – Оренбург,640600_3.mp4,замена,60:31,
1380660296,Спартак – Оренбург,640600_3.mp4,замена,70:48,
1380660296,Спартак – Оренбург,640600_3.mp4,замена,81:04,
1380660296,Спартак – Оренбург,640600_3.mp4,замена,90:46,
1380660296,Спартак – Оренбург,640600_3.mp4,угловой,3:16,
1380660296,Спартак – Оренбург,640600_3.mp4,угловой,55:39,
1380660296,Спартак – Оренбург,640600_3.mp4,угловой,83:40,
1380660296,Спартак – Оренбург,640600_3.mp4,угловой,84:29,
1380660296,Спартак – Оренбург,640600_3.mp4,удар по воротам,3:32,
1380660296,Спартак – Оренбург,640600_3.mp4,удар по воротам,9:00,
1380660296,Спартак – Оренбург,640600_3.mp4,удар по воротам,36:12,
1380660296,Спартак – Оренбург,640600_3.mp4,удар по воротам,38:25,
1380660296,Спартак – Оренбург,640600_3.mp4,удар по воротам,43:36,
1380660296,Спартак – Оренбург,640600_3.mp4,удар по воротам,46:47,
1380660296,Спартак – Оренбург,640600_3.mp4,удар по воротам,50:22,
1380660296,Спартак – Оренбург,640600_3.mp4,удар по воротам,56:24,
1380660296,Спартак – Оренбург,640600_3.mp4,удар по воротам,72:24,
1380660296,Спартак – Оренбург,640600_3.mp4,удар по воротам,83:42,
1380660296,Спартак – Оренбург,640600_3.mp4,удар по воротам,87:53,
1380660295,Урал – Анжи,640668_5.mp4,гол,82:38,
1380660295,Урал – Анжи,640668_5.mp4,желтая карточка,23:45,
1380660295,Урал – Анжи,640668_5.mp4,желтая карточка,40:52,
1380660295,Урал – Анжи,640668_5.mp4,желтая карточка,51:24,
1380660295,Урал – Анжи,640668_5.mp4,желтая карточка,71:33,
1380660295,Урал – Анжи,640668_5.mp4,желтая карточка,92:57,
1380660295,Урал – Анжи,640668_5.mp4,замена,55:14,
1380660295,Урал – Анжи,640668_5.mp4,замена,62:08,
1380660295,Урал – Анжи,640668_5.mp4,замена,67:15,
1380660295,Урал – Анжи,640668_5.mp4,замена,79:46,
1380660295,Урал – Анжи,640668_5.mp4,замена,86:32,
1380660295,Урал – Анжи,640668_5.mp4,угловой,19:29,
1380660295,Урал – Анжи,640668_5.mp4,угловой,29:00,
1380660295,Урал – Анжи,640668_5.mp4,угловой,35:11,
1380660295,Урал – Анжи,640668_5.mp4,угловой,43:59,
1380660295,Урал – Анжи,640668_5.mp4,угловой,46:14,компенсированное время первого тайма
1380660295,Урал – Анжи,640668_5.mp4,угловой,87:32,
1380660295,Урал – Анжи,640668_5.mp4,угловой,91:29,
1380660295,Урал – Анжи,640668_5.mp4,удар по воротам,5:15,
1380660295,Урал – Анжи,640668_5.mp4,удар по воротам,9:09,
1380660295,Урал – Анжи,640668_5.mp4,удар по воротам,28:32,
1380660295,Урал – Анжи,640668_5.mp4,удар по воротам,29:02,
1380660295,Урал – Анжи,640668_5.mp4,удар по воротам,34:42,
1380660295,Урал – Анжи,640668_5.mp4,удар по воротам,39:52,
1380660295,Урал – Анжи,640668_5.mp4,удар по воротам,43:28,
1380660295,Урал – Анжи,640668_5.mp4,удар по воротам,44:17,
1380660295,Урал – Анжи,640668_5.mp4,удар по воротам,45:36,компенсированное время первого тайма
1380660295,Урал – Анжи,640668_5.mp4,удар по воротам,52:18,
1380660295,Урал – Анжи,640668_5.mp4,удар по воротам,54:58,
1380660295,Урал – Анжи,640668_5.mp4,удар по воротам,78:11,
1380660295,Урал – Анжи,640668_5.mp4,удар по воротам,82:34,
1380660295,Урал – Анжи,640668_5.mp4,удар по воротам,87:11,
1380660295,Урал – Анжи,640668_5.mp4,удар по воротам,89:32,
1380660295,Урал – Анжи,640668_5.mp4,удар по воротам,90:59,
1380660295,Урал – Анжи,640668_5.mp4,удар по воротам,94:36,
1380642326,Колумбия – Англия,633020_5.mp4,гол,56:54,
1380642326,Колумбия – Англия,633020_5.mp4,гол,92:37,
1380642326,Колумбия – Англия,633020_5.mp4,желтая карточка,40:07,
1380642326,Колумбия – Англия,633020_5.mp4,желтая карточка,51:49,
1380642326,Колумбия – Англия,633020_5.mp4,желтая карточка,53:33,
1380642326,Колумбия – Англия,633020_5.mp4,желтая карточка,55:46,
1380642326,Колумбия – Англия,633020_5.mp4,желтая карточка,62:35,
1380642326,Колумбия – Англия,633020_5.mp4,желтая карточка,63:48,
1380642326,Колумбия – Англия,633020_5.mp4,желтая карточка,68:41,
1380642326,Колумбия – Англия,633020_5.mp4,замена,61:00,
1380642326,Колумбия – Англия,633020_5.mp4,замена,78:28,
1380642326,Колумбия – Англия,633020_5.mp4,замена,80:16,
1380642326,Колумбия – Англия,633020_5.mp4,замена,87:40,
1380642326,Колумбия – Англия,633020_5.mp4,замена,87:52,
1380642326,Колумбия – Англия,633020_5.mp4,угловой,6:47,
1380642326,Колумбия – Англия,633020_5.mp4,угловой,7:59,
1380642326,Колумбия – Англия,633020_5.mp4,угловой,10:04,
1380642326,Колумбия – Англия,633020_5.mp4,угловой,27:09,
1380642326,Колумбия – Англия,633020_5.mp4,угловой,53:23,
1380642326,Колумбия – Англия,633020_5.mp4,угловой,72:37,
1380642326,Колумбия – Англия,633020_5.mp4,угловой,92:34,
1380642326,Колумбия – Англия,633020_5.mp4,удар по воротам,12:48,
1380642326,Колумбия – Англия,633020_5.mp4,удар по воротам,15:35,
1380642326,Колумбия – Англия,633020_5.mp4,удар по воротам,21:58,
1380642326,Колумбия – Англия,633020_5.mp4,удар по воротам,22:10,
1380642326,Колумбия – Англия,633020_5.mp4,удар по воротам,30:20,
1380642326,Колумбия – Англия,633020_5.mp4,удар по воротам,32:52,
1380642326,Колумбия – Англия,633020_5.mp4,удар по воротам,41:17,
1380642326,Колумбия – Англия,633020_5.mp4,удар по воротам,44:29,
1380642326,Колумбия – Англия,633020_5.mp4,удар по воротам,46:21,компенсированное время первого тайма
1380642326,Колумбия – Англия,633020_5.mp4,удар по воротам,47:08,компенсированное время первого тайма
1380642326,Колумбия – Англия,633020_5.mp4,удар по воротам,59:39,
1380642326,Колумбия – Англия,633020_5.mp4,удар по воротам,62:28,
1380642326,Колумбия – Англия,633020_5.mp4,удар по воротам,72:40,
1380642326,Колумбия – Англия,633020_5.mp4,удар по воротам,81:05,
1380642326,Колумбия – Англия,633020_5.mp4,удар по воротам,83:33,
1380642326,Колумбия – Англия,633020_5.mp4,удар по воротам,85:11,
1380642326,Колумбия – Англия,633020_5.mp4,удар по воротам,85:19,
1380642326,Колумбия – Англия,633020_5.mp4,удар по воротам,86:43,
1380642326,Колумбия – Англия,633020_5.mp4,удар по воротам,92:13,
1380642325,Швеция – Швейцария,633012_5.mp4,гол,65:57,
1380642325,Швеция – Швейцария,633012_5.mp4,желтая карточка,30:03,
1380642325,Швеция – Швейцария,633012_5.mp4,желтая карточка,60:35,
1380642325,Швеция – Швейцария,633012_5.mp4,желтая карточка,67:36,
1380642325,Швеция – Швейцария,633012_5.mp4,замена,72:40,
1380642325,Швеция – Швейцария,633012_5.mp4,замена,72:49,
1380642325,Швеция – Швейцария,633012_5.mp4,замена,80:59,
1380642325,Швеция – Швейцария,633012_5.mp4,замена,81:15,
1380642325,Швеция – Швейцария,633012_5.mp4,замена,89:55,
1380642325,Швеция – Швейцария,633012_5.mp4,угловой,35:46,
1380642325,Швеция – Швейцария,633012_5.mp4,угловой,40:38,
1380642325,Швеция – Швейцария,633012_5.mp4,угловой,52:14,
1380642325,Швеция – Швейцария,633012_5.mp4,угловой,52:24,
1380642325,Швеция – Швейцария,633012_5.mp4,угловой,53:05,
1380642325,Швеция – Швейцария,633012_5.mp4,угловой,53:20,
1380642325,Швеция – Швейцария,633012_5.mp4,угловой,71:31,
1380642325,Швеция – Швейцария,633012_5.mp4,угловой,71:43,
1380642325,Швеция – Швейцария,633012_5.mp4,угловой,74:11,
1380642325,Швеция – Швейцария,633012_5.mp4,угловой,76:28,
1380642325,Швеция – Швейцария,633012_5.mp4,угловой,78:03,
1380642325,Швеция – Швейцария,633012_5.mp4,угловой,79:00,
1380642325,Швеция – Швейцария,633012_5.mp4,угловой,85:21,
1380642325,Швеция – Швейцария,633012_5.mp4,угловой,88:08,
1380642325,Швеция – Швейцария,633012_5.mp4,удар по воротам,0:21,
1380642325,Швеция – Швейцария,633012_5.mp4,удар по воротам,6:57,
1380642325,Швеция – Швейцария,633012_5.mp4,удар по воротам,7:36,
1380642325,Швеция – Швейцария,633012_5.mp4,удар по воротам,8:29,
1380642325,Швеция – Швейцария,633012_5.mp4,удар по воротам,8:37,
1380642325,Швеция – Швейцария,633012_5.mp4,удар по воротам,13:31,
1380642325,Швеция – Швейцария,633012_5.mp4,удар по воротам,23:42,
1380642325,Швеция – Швейцария,633012_5.mp4,удар по воротам,27:55,
1380642325,Швеция – Швейцария,633012_5.mp4,удар по воротам,31:22,
1380642325,Швеция – Швейцария,633012_5.mp4,удар по воротам,33:19,
1380642325,Швеция – Швейцария,633012_5.mp4,удар по воротам,35:50,
1380642325,Швеция – Швейцария,633012_5.mp4,удар по воротам,37:57,
1380642325,Швеция – Швейцария,633012_5.mp4,удар по воротам,39:46,
1380642325,Швеция – Швейцария,633012_5.mp4,удар по воротам,40:50,
1380642325,Швеция – Швейцария,633012_5.mp4,удар по воротам,48:57,
1380642325,Швеция – Швейцария,633012_5.mp4,удар по воротам,49:47,
1380642325,Швеция – Швейцария,633012_5.mp4,удар по воротам,52:50,
1380642325,Швеция – Швейцария,633012_5.mp4,удар по воротам,60:20,
1380642325,Швеция – Швейцария,633012_5.mp4,удар по воротам,63:26,
1380642325,Швеция – Швейцария,633012_5.mp4,удар по воротам,68:45,
1380642325,Швеция – Швейцария,633012_5.mp4,удар по воротам,69:16,
1380642325,Швеция – Швейцария,633012_5.mp4,удар по воротам,70:55,
1380642325,Швеция – Швейцария,633012_5.mp4,удар по воротам,71:54,
1380642325,Швеция – Швейцария,633012_5.mp4,удар по воротам,76:39,
1380642325,Швеция – Швейцария,633012_5.mp4,удар по воротам,78:12,
1380642325,Швеция – Швейцария,633012_5.mp4,удар по воротам,78:27,
1380642325,Швеция – Швейцария,633012_5.mp4,удар по воротам,79:04,
1380642325,Швеция – Швейцария,633012_5.mp4,удар по воротам,86:10,
1380642325,Швеция – Швейцария,633012_5.mp4,удар по воротам,91:00,
1380642325,Швеция – Швейцария,633012_5.mp4,удар по воротам,96:17,
1380642324,Бельгия – Япония,632243_5.mp4,гол,47:18,
1380642324,Бельгия – Япония,632243_5.mp4,гол,51:33,
1380642324,Бельгия – Япония,632243_5.mp4,гол,69:01,
1380642324,Бельгия – Япония,632243_5.mp4,гол,73:30,
1380642324,Бельгия – Япония,632243_5.mp4,гол,93:43,
1380642324,Бельгия – Япония,632243_5.mp4,желтая карточка,39:18,
1380642324,Бельгия – Япония,632243_5.mp4,желтая карточка,70:21,
1380642324,Бельгия – Япония,632243_5.mp4,замена,64:42,
1380642324,Бельгия – Япония,632243_5.mp4,замена,64:45,
1380642324,Бельгия – Япония,632243_5.mp4,замена,80:38,
1380642324,Бельгия – Япония,632243_5.mp4,замена,80:46,
1380642324,Бельгия – Япония,632243_5.mp4,угловой,16:10,
1380642324,Бельгия – Япония,632243_5.mp4,угловой,17:18,
1380642324,Бельгия – Япония,632243_5.mp4,угловой,21:17,
1380642324,Бельгия – Япония,632243_5.mp4,угловой,27:29,
1380642324,Бельгия – Япония,632243_5.mp4,угловой,38:04,
1380642324,Бельгия – Япония,632243_5.mp4,угловой,59:37,
1380642324,Бельгия – Япония,632243_5.mp4,угловой,66:34,
1380642324,Бельгия – Япония,632243_5.mp4,угловой,68:50,
1380642324,Бельгия – Япония,632243_5.mp4,угловой,71:53,
1380642324,Бельгия – Япония,632243_5.mp4,угловой,72:47,
1380642324,Бельгия – Япония,632243_5.mp4,угловой,79:42,
1380642324,Бельгия – Япония,632243_5.mp4,угловой,80:19,
1380642324,Бельгия – Япония,632243_5.mp4,угловой,83:29,
1380642324,Бельгия – Япония,632243_5.mp4,угловой,85:46,
1380642324,Бельгия – Япония,632243_5.mp4,угловой,90:45,
1380642324,Бельгия – Япония,632243_5.mp4,угловой,93:36,
1380642324,Бельгия – Япония,632243_5.mp4,удар по воротам,0:55,
1380642324,Бельгия – Япония,632243_5.mp4,удар по воротам,9:09,
1380642324,Бельгия – Япония,632243_5.mp4,удар по воротам,15:32,
1380642324,Бельгия – Япония,632243_5.mp4,удар по воротам,16:38,
1380642324,Бельгия – Япония,632243_5.mp4,удар по воротам,20:16,
1380642324,Бельгия – Япония,632243_5.mp4,удар по воротам,21:18,
1380642324,Бельгия – Япония,632243_5.mp4,удар по воротам,26:45,
1380642324,Бельгия – Япония,632243_5.mp4,удар по воротам,30:31,
1380642324,Бельгия – Япония,632243_5.mp4,удар по воротам,35:44,
1380642324,Бельгия – Япония,632243_5.mp4,удар по воротам,45:47,компенсированное время первого тайма
1380642324,Бельгия – Япония,632243_5.mp4,удар по воротам,48:35,
1380642324,Бельгия – Япония,632243_5.mp4,удар по воротам,56:08,
1380642324,Бельгия – Япония,632243_5.mp4,удар по воротам,58:44,
1380642324,Бельгия – Япония,632243_5.mp4,удар по воротам,62:08,
1380642324,Бельгия – Япония,632243_5.mp4,удар по воротам,64:07,
1380642324,Бельгия – Япония,632243_5.mp4,удар по воротам,65:21,
1380642324,Бельгия – Япония,632243_5.mp4,удар по воротам,68:08,
1380642324,Бельгия – Япония,632243_5.mp4,удар по воротам,72:21,
1380642324,Бельгия – Япония,632243_5.mp4,удар по воротам,75:17,
1380642324,Бельгия – Япония,632243_5.mp4,удар по воротам,78:01,
1380642324,Бельгия – Япония,632243_5.mp4,удар по воротам,83:10,
1380642324,Бельгия – Япония,632243_5.mp4,удар по воротам,84:55,
1380642324,Бельгия – Япония,632243_5.mp4,удар по воротам,85:11,
1380642324,Бельгия – Япония,632243_5.mp4,удар по воротам,86:43,
1380642324,Бельгия – Япония,632243_5.mp4,удар по воротам,92:59,
1380642323,Бразилия – Мексика,632255_5.mp4,гол,50:34,
1380642323,Бразилия – Мексика,632255_5.mp4,гол,87:59,
1380642323,Бразилия – Мексика,632255_5.mp4,желтая карточка,38:02,
1380642323,Бразилия – Мексика,632255_5.mp4,желтая карточка,41:51,
1380642323,Бразилия – Мексика,632255_5.mp4,желтая карточка,54:31,
1380642323,Бразилия – Мексика,632255_5.mp4,желтая карточка,59:13,
1380642323,Бразилия – Мексика,632255_5.mp4,желтая карточка,76:02,
1380642323,Бразилия – Мексика,632255_5.mp4,желтая карточка,91:10,
1380642323,Бразилия – Мексика,632255_5.mp4,замена,45:00,замена в перерыве
1380642323,Бразилия – Мексика,632255_5.mp4,замена,55:02,
1380642323,Бразилия – Мексика,632255_5.mp4,замена,59:43,
1380642323,Бразилия – Мексика,632255_5.mp4,замена,79:49,
1380642323,Бразилия – Мексика,632255_5.mp4,замена,85:27,
1380642323,Бразилия – Мексика,632255_5.mp4,замена,90:39,
1380642323,Бразилия – Мексика,632255_5.mp4,угловой,3:07,
1380642323,Бразилия – Мексика,632255_5.mp4,угловой,8:33,
1380642323,Бразилия – Мексика,632255_5.mp4,угловой,13:36,
1380642323,Бразилия – Мексика,632255_5.mp4,угловой,16:41,
1380642323,Бразилия – Мексика,632255_5.mp4,угловой,34:20,
1380642323,Бразилия – Мексика,632255_5.mp4,угловой,41:43,
1380642323,Бразилия – Мексика,632255_5.mp4,угловой,47:50,
1380642323,Бразилия – Мексика,632255_5.mp4,угловой,49:02,
1380642323,Бразилия – Мексика,632255_5.mp4,угловой,49:56,
1380642323,Бразилия – Мексика,632255_5.mp4,угловой,52:25,
1380642323,Бразилия – Мексика,632255_5.mp4,угловой,53:21,
1380642323,Бразилия – Мексика,632255_5.mp4,угловой,61:31,
1380642323,Бразилия – Мексика,632255_5.mp4,угловой,64:00,
1380642323,Бразилия – Мексика,632255_5.mp4,угловой,68:32,
1380642323,Бразилия – Мексика,632255_5.mp4,угловой,86:12,
1380642323,Бразилия – Мексика,632255_5.mp4,удар по воротам,2:22,
1380642323,Бразилия – Мексика,632255_5.mp4,удар по воротам,5:23,
1380642323,Бразилия – Мексика,632255_5.mp4,удар по воротам,8:15,
1380642323,Бразилия – Мексика,632255_5.mp4,удар по воротам,17:53,
1380642323,Бразилия – Мексика,632255_5.mp4,удар по воротам,22:12,
1380642323,Бразилия – Мексика,632255_5.mp4,удар по воротам,23:36,
1380642323,Бразилия – Мексика,632255_5.mp4,удар по воротам,25:35,
1380642323,Бразилия – Мексика,632255_5.mp4,удар по воротам,26:51,
1380642323,Бразилия – Мексика,632255_5.mp4,удар по воротам,27:25,
1380642323,Бразилия – Мексика,632255_5.mp4,удар по воротам,29:34,
1380642323,Бразилия – Мексика,632255_5.mp4,удар по воротам,33:08,
1380642323,Бразилия – Мексика,632255_5.mp4,удар по воротам,33:53,
1380642323,Бразилия – Мексика,632255_5.mp4,удар по воротам,33:06,
1380642323,Бразилия – Мексика,632255_5.mp4,удар по воротам,37:55,
1380642323,Бразилия – Мексика,632255_5.mp4,удар по воротам,39:41,
1380642323,Бразилия – Мексика,632255_5.mp4,удар по воротам,47:17,
1380642323,Бразилия – Мексика,632255_5.mp4,удар по воротам,48:52,
1380642323,Бразилия – Мексика,632255_5.mp4,удар по воротам,50:27,
1380642323,Бразилия – Мексика,632255_5.mp4,удар по воротам,52:13,
1380642323,Бразилия – Мексика,632255_5.mp4,удар по воротам,54:01,
1380642323,Бразилия – Мексика,632255_5.mp4,удар по воротам,56:24,
1380642323,Бразилия – Мексика,632255_5.mp4,удар по воротам,59:03,
1380642323,Бразилия – Мексика,632255_5.mp4,удар по воротам,61:22,
1380642323,Бразилия – Мексика,632255_5.mp4,удар по воротам,63:53,
1380642323,Бразилия – Мексика,632255_5.mp4,удар по воротам,65:38,
1380642323,Бразилия – Мексика,632255_5.mp4,удар по воротам,68:25,
1380642323,Бразилия – Мексика,632255_5.mp4,удар по воротам,70:32,
1380642323,Бразилия – Мексика,632255_5.mp4,удар по воротам,75:29,
1380642323,Бразилия – Мексика,632255_5.mp4,удар по воротам,91:44,
1380642323,Бразилия – Мексика,632255_5.mp4,удар по воротам,94:49,
1380642322,Хорватия – Дания,631762_5.mp4,гол,0:58,
1380642322,Хорватия – Дания,631762_5.mp4,гол,3:45,
1380642322,Хорватия – Дания,631762_5.mp4,замена,45:00,замена в перерыве
1380642322,Хорватия – Дания,631762_5.mp4,замена,65:46,
1380642322,Хорватия – Дания,631762_5.mp4,замена,70:34,
1380642322,Хорватия – Дания,631762_5.mp4,замена,80:17,
1380642322,Хорватия – Дания,631762_5.mp4,угловой,12:08,
1380642322,Хорватия – Дания,631762_5.mp4,угловой,22:58,
1380642322,Хорватия – Дания,631762_5.mp4,угловой,31:07,
1380642322,Хорватия – Дания,631762_5.mp4,угловой,64:11,
1380642322,Хорватия – Дания,631762_5.mp4,угловой,86:20,
1380642322,Хорватия – Дания,631762_5.mp4,угловой,92:31,
1380642322,Хорватия – Дания,631762_5.mp4,удар по воротам,11:36,
1380642322,Хорватия – Дания,631762_5.mp4,удар по воротам,18:59,
1380642322,Хорватия – Дания,631762_5.mp4,удар по воротам,22:14,
1380642322,Хорватия – Дания,631762_5.mp4,удар по воротам,26:47,
1380642322,Хорватия – Дания,631762_5.mp4,удар по воротам,28:24,
1380642322,Хорватия – Дания,631762_5.mp4,удар по воротам,28:34,
1380642322,Хорватия – Дания,631762_5.mp4,удар по воротам,28:40,
1380642322,Хорватия – Дания,631762_5.mp4,удар по воротам,32:08,
1380642322,Хорватия – Дания,631762_5.mp4,удар по воротам,34:21,
1380642322,Хорватия – Дания,631762_5.mp4,удар по воротам,38:39,
1380642322,Хорватия – Дания,631762_5.mp4,удар по воротам,41:53,
1380642322,Хорватия – Дания,631762_5.mp4,удар по воротам,43:54,
1380642322,Хорватия – Дания,631762_5.mp4,удар по воротам,55:41,
1380642322,Хорватия – Дания,631762_5.mp4,удар по воротам,63:41,
1380642322,Хорватия – Дания,631762_5.mp4,удар по воротам,71:49,
1380642322,Хорватия – Дания,631762_5.mp4,удар по воротам,73:42,
1380642322,Хорватия – Дания,631762_5.mp4,удар по воротам,76:37,
1380642322,Хорватия – Дания,631762_5.mp4,удар по воротам,77:27,
1380642322,Хорватия – Дания,631762_5.mp4,удар по воротам,83:46,
1380642322,Хорватия – Дания,631762_5.mp4,удар по воротам,85:54,
1380642322,Хорватия – Дания,631762_5.mp4,удар по воротам,86:28,
1380642322,Хорватия – Дания,631762_5.mp4,удар по воротам,87:29,
1380642322,Хорватия – Дания,631762_5.mp4,удар по воротам,91:22,
1380642322,Хорватия – Дания,631762_5.mp4,удар по воротам,92:41,
1380642321,Испания – Россия,631750_5.mp4,гол,11:05,
1380642321,Испания – Россия,631750_5.mp4,гол,40:52,
1380642321,Испания – Россия,631750_5.mp4,желтая карточка,39:50,
1380642321,Испания – Россия,631750_5.mp4,желтая карточка,53:15,
1380642321,Испания – Россия,631750_5.mp4,желтая карточка,70:39,
1380642321,Испания – Россия,631750_5.mp4,замена,45:00,замена в перерыве
1380642321,Испания – Россия,631750_5.mp4,замена,60:22,
1380642321,Испания – Россия,631750_5.mp4,замена,64:25,
1380642321,Испания – Россия,631750_5.mp4,замена,66:38,
1380642321,Испания – Россия,631750_5.mp4,замена,69:50,
1380642321,Испания – Россия,631750_5.mp4,замена,79:28,
1380642321,Испания – Россия,631750_5.mp4,угловой,4:27,
1380642321,Испания – Россия,631750_5.mp4,угловой,26:59,
1380642321,Испания – Россия,631750_5.mp4,угловой,39:14,
1380642321,Испания – Россия,631750_5.mp4,угловой,57:01,
1380642321,Испания – Россия,631750_5.mp4,угловой,58:22,
1380642321,Испания – Россия,631750_5.mp4,угловой,73:22,
1380642321,Испания – Россия,631750_5.mp4,угловой,81:42,
1380642321,Испания – Россия,631750_5.mp4,угловой,88:54,
1380642321,Испания – Россия,631750_5.mp4,угловой,89:16,
1380642321,Испания – Россия,631750_5.mp4,угловой,89:38,
1380642321,Испания – Россия,631750_5.mp4,удар по воротам,4:37,
1380642321,Испания – Россия,631750_5.mp4,удар по воротам,13:44,
1380642321,Испания – Россия,631750_5.mp4,удар по воротам,35:54,
1380642321,Испания – Россия,631750_5.mp4,удар по воротам,39:18,
1380642321,Испания – Россия,631750_5.mp4,удар по воротам,44:40,
1380642321,Испания – Россия,631750_5.mp4,удар по воротам,45:50,компенсированное время первого тайма
1380642321,Испания – Россия,631750_5.mp4,удар по воротам,47:03,
1380642321,Испания – Россия,631750_5.mp4,удар по воротам,50:27,
1380642321,Испания – Россия,631750_5.mp4,удар по воротам,58:04,
1380642321,Испания – Россия,631750_5.mp4,удар по воротам,59:56,
1380642321,Испания – Россия,631750_5.mp4,удар по воротам,80:13,
1380642321,Испания – Россия,631750_5.mp4,удар по воротам,81:45,
1380642321,Испания – Россия,631750_5.mp4,удар по воротам,84:38,
1380642321,Испания – Россия,631750_5.mp4,удар по воротам,84:42,
1380642321,Испания – Россия,631750_5.mp4,удар по воротам,89:43,
1380642321,Испания – Россия,631750_5.mp4,удар по воротам,92:44,
1380642320,Уругвай – Португалия,631646_5.mp4,гол,6:34,
1380642320,Уругвай – Португалия,631646_5.mp4,гол,54:25,
1380642320,Уругвай – Португалия,631646_5.mp4,гол,61:13,
1380642320,Уругвай – Португалия,631646_5.mp4,желтая карточка,93:37,
1380642320,Уругвай – Португалия,631646_5.mp4,замена,62:36,
1380642320,Уругвай – Португалия,631646_5.mp4,замена,64:28,
1380642320,Уругвай – Португалия,631646_5.mp4,замена,73:06,
1380642320,Уругвай – Португалия,631646_5.mp4,замена,73:18,
1380642320,Уругвай – Португалия,631646_5.mp4,замена,79:52,
1380642320,Уругвай – Португалия,631646_5.mp4,замена,84:12,
1380642320,Уругвай – Португалия,631646_5.mp4,угловой,4:13,
1380642320,Уругвай – Португалия,631646_5.mp4,угловой,14:00,
1380642320,Уругвай – Португалия,631646_5.mp4,угловой,22:58,
1380642320,Уругвай – Португалия,631646_5.mp4,угловой,44:55,
1380642320,Уругвай – Португалия,631646_5.mp4,угловой,51:05,
1380642320,Уругвай – Португалия,631646_5.mp4,угловой,54:23,
1380642320,Уругвай – Португалия,631646_5.mp4,угловой,60:06,
1380642320,Уругвай – Португалия,631646_5.mp4,угловой,60:37,
1380642320,Уругвай – Португалия,631646_5.mp4,угловой,66:36,
1380642320,Уругвай – Португалия,631646_5.mp4,угловой,76:29,
1380642320,Уругвай – Португалия,631646_5.mp4,угловой,80:23,
1380642320,Уругвай – Португалия,631646_5.mp4,угловой,94:57,
1380642320,Уругвай – Португалия,631646_5.mp4,удар по воротам,1:57,
1380642320,Уругвай – Португалия,631646_5.mp4,удар по воротам,5:13,
1380642320,Уругвай – Португалия,631646_5.mp4,удар по воротам,12:33,
1380642320,Уругвай – Португалия,631646_5.mp4,удар по воротам,13:28,
1380642320,Уругвай – Португалия,631646_5.mp4,удар по воротам,15:25,
1380642320,Уругвай – Португалия,631646_5.mp4,удар по воротам,16:05,
1380642320,Уругвай – Португалия,631646_5.mp4,удар по воротам,21:43,
1380642320,Уругвай – Португалия,631646_5.mp4,удар по воротам,21:46,
1380642320,Уругвай – Португалия,631646_5.mp4,удар по воротам,31:39,
1380642320,Уругвай – Португалия,631646_5.mp4,удар по воротам,37:48,
1380642320,Уругвай – Португалия,631646_5.mp4,удар по воротам,46:56,компенсированное время первого тайма
1380642320,Уругвай – Португалия,631646_5.mp4,удар по воротам,51:29,
1380642320,Уругвай – Португалия,631646_5.mp4,удар по воротам,54:04,
1380642320,Уругвай – Португалия,631646_5.mp4,удар по воротам,59:32,
1380642320,Уругвай – Португалия,631646_5.mp4,удар по воротам,69:22,
1380642320,Уругвай – Португалия,631646_5.mp4,удар по воротам,72:12,
1380642320,Уругвай – Португалия,631646_5.mp4,удар по воротам,76:33,
1380642320,Уругвай – Португалия,631646_5.mp4,удар по воротам,78:24,
1380642320,Уругвай – Португалия,631646_5.mp4,удар по воротам,85:17,
1380642320,Уругвай – Португалия,631646_5.mp4,удар по воротам,86:32,
1380642320,Уругвай – Португалия,631646_5.mp4,удар по воротам,90:24,
1380642320,Уругвай – Португалия,631646_5.mp4,удар по воротам,94:23,
1380642319,Франция – Аргентина,631638_5.mp4,гол,12:41,
1380642319,Франция – Аргентина,631638_5.mp4,гол,40:43,
1380642319,Франция – Аргентина,631638_5.mp4,гол,47:36,
1380642319,Франция – Аргентина,631638_5.mp4,гол,56:50,
1380642319,Франция – Аргентина,631638_5.mp4,гол,63:13,
1380642319,Франция – Аргентина,631638_5.mp4,гол,67:56,
1380642319,Франция – Аргентина,631638_5.mp4,гол,92:10,
1380642319,Франция – Аргентина,631638_5.mp4,желтая карточка,11:55,
1380642319,Франция – Аргентина,631638_5.mp4,желтая карточка,18:22,битый файл
1380642319,Франция – Аргентина,631638_5.mp4,желтая карточка,43:00,
1380642319,Франция – Аргентина,631638_5.mp4,желтая карточка,49:05,
1380642319,Франция – Аргентина,631638_5.mp4,желтая карточка,72:21,
1380642319,Франция – Аргентина,631638_5.mp4,желтая карточка,72:28,
1380642319,Франция – Аргентина,631638_5.mp4,желтая карточка,93:15,
1380642319,Франция – Аргентина,631638_5.mp4,желтая карточка,93:49,
1380642319,Франция – Аргентина,631638_5.mp4,замена,45:00,замена в перерыве
1380642319,Франция – Аргентина,631638_5.mp4,замена,65:33,
1380642319,Франция – Аргентина,631638_5.mp4,замена,74:34,
1380642319,Франция – Аргентина,631638_5.mp4,замена,74:50,
1380642319,Франция – Аргентина,631638_5.mp4,замена,83:04,
1380642319,Франция – Аргентина,631638_5.mp4,замена,88:11,
1380642319,Франция – Аргентина,631638_5.mp4,угловой,17:09,битый файл
1380642319,Франция – Аргентина,631638_5.mp4,угловой,22:11,битый файл
1380642319,Франция – Аргентина,631638_5.mp4,угловой,40:13,
1380642319,Франция – Аргентина,631638_5.mp4,угловой,89:20,
1380642319,Франция – Аргентина,631638_5.mp4,удар по воротам,8:23,
1380642319,Франция – Аргентина,631638_5.mp4,удар по воротам,20:36,битый файл
1380642319,Франция – Аргентина,631638_5.mp4,удар по воротам,21:28,битый файл
1380642319,Франция – Аргентина,631638_5.mp4,удар по воротам,55:14,
1380642319,Франция – Аргентина,631638_5.mp4,удар по воротам,63:10,
1380642319,Франция – Аргентина,631638_5.mp4,удар по воротам,66:00,
1380642319,Франция – Аргентина,631638_5.mp4,удар по воротам,66:03,
1380642319,Франция – Аргентина,631638_5.mp4,удар по воротам,70:02,
1380642319,Франция – Аргентина,631638_5.mp4,удар по воротам,79:44,
1380642319,Франция – Аргентина,631638_5.mp4,удар по воротам,85:28,
1380642319,Франция – Аргентина,631638_5.mp4,удар по воротам,94:55,
